pollutant,station_uuid,n,mae,rmse,r2,bias,mean_obs,nrmse,kode,name,type,kota,lat,lon,x,y,suspected_low_bias,nearest_station_km,median_nearest_source_km,high_error,limited_data
no2,e0aa6e66-90b9-478b-b7e4-bc4a35646b32,47,84.66719529919202,87.06329475100017,-6806.106828672171,84.66719529919202,12.155212765957444,7.162630258092595,DKI5,Kebun Jeruk,Reference,KOTA ADM. JAKARTA BARAT,-6.207255,106.75256,693910.0438811447,9313564.18909239,False,4.936547388097977,4.936547388097977,True,False
no2,6bafe2cf-c558-4b54-907b-34c9430edaf0,46,67.6673273312902,72.67228781980629,-14.153304689102585,67.6673273312902,21.09206521739131,3.4454799504358102,DKJ32,Ancol,Sensor,KOTA ADM. JAKARTA UTARA,-6.12244299,106.8376502,703360.1748083489,9322912.38019451,False,7.402563825651693,7.402563825651693,True,False
no2,d827a404-60e1-4997-a0c6-7e5b2e8cffe8,47,56.132535101994144,60.74580040045908,-1.9517934311486052,-56.132535101994144,147.97702127659576,0.41050833349938987,LCS-24,Stasiun Palmerah,Sensor,KOTA ADM. JAKARTA SELATAN,-6.207568,106.797161,698846.3262032706,9313513.032947063,False,3.1310341642657185,3.1310341642657185,False,False
no2,ad9c2afd-b456-480a-8deb-42d1b7d79220,47,43.398067183252664,50.604317957284856,-0.3057838364305776,-30.37781063666251,139.1444680851064,0.3636818527800415,LCS-23,CWB Lab Klinik,Sensor,KOTA ADM. JAKARTA SELATAN,-6.187012,106.820039,701386.2863372004,9315777.836376134,False,0.9805927609785587,0.9805927609785587,False,False
no2,2d554554-7567-4ac1-ab87-536260d2ba79,47,39.173281097297185,44.71875787685421,-1.0462173265811878,21.721590625361284,111.2131914893617,0.40209940275953565,DKI1,Bundaran HI,Reference,KOTA ADM. JAKARTA PUSAT,-6.195459,106.822731,701681.0470563313,9314842.594011107,False,0.9805927609785587,0.9805927609785587,False,False
no2,8dea5257-ec1b-4d25-8d3f-b5024e330b40,47,35.76932671040981,41.55116279362303,-2.4946084061029072,34.71880371868546,54.58755319148937,0.7611838297251466,DKJ36,Tebet Eco Park,Reference,KOTA ADM. JAKARTA SELATAN,-6.239564,106.852862,704999.0169946412,9309953.03595356,False,5.9090356666419765,5.9090356666419765,False,False
no2,022441fc-0402-4b51-af62-ba5c8e4fa37f,42,35.988561206095056,40.84082030129374,-5.68449845597567,35.988561206095056,28.001309523809525,1.4585325113658265,DKJ35,Rusunawa Pesakih,Sensor,KOTA ADM. JAKARTA BARAT,-6.161974,106.716769,689964.9808510509,9318584.86523116,False,6.385194687856087,6.385194687856087,False,False
no2,2420af88-7961-41aa-9d16-090da63e4ef7,47,27.950773515706384,31.444007038326806,-0.13543113375189564,19.833925579667476,43.58521276595745,0.721437502374346,DKI2,Kelapa Gading,Reference,KOTA ADM. JAKARTA UTARA,-6.154085,106.908249,711163.1833326722,9319385.41869002,False,6.872213395648486,6.872213395648486,False,False
no2,2879eea5-cadb-4392-ac09-62ca585b75d6,47,27.13489577446758,29.021127623154598,-3.766371308452718,27.13489577446758,30.27170212765957,0.9586883321185198,DKJ33,Lebak Bulus,Sensor,KOTA ADM. JAKARTA SELATAN,-6.301071,106.789206,697930.673813932,9303174.93566952,False,5.0317822635486165,5.0317822635486165,False,False
no2,802a2208-80d3-464e-8e0c-dd2770fa35ab,47,25.251783863893127,27.03913028305249,-2.028527776421537,25.251783863893127,33.27297872340425,0.8126453152219021,DKJ37,Taman Sungai Kendal,Reference,KOTA ADM. JAKARTA UTARA,-6.138291,106.968288,717815.9444460303,9321108.232238818,False,6.872213395648486,6.872213395648486,False,False
no2,a188c80b-8233-41e1-9239-9f7143acbab8,46,24.03873975296566,26.344624107967082,-7.135206152891792,24.012949681901745,27.350978260869564,0.9632059174153105,DKI4,Lubang Buaya,Reference,KOTA ADM. JAKARTA TIMUR,-6.2908,106.908501,711136.4655197631,9304264.174903585,False,5.709269739534892,5.709269739534892,False,False
no2,84b864cd-fb40-4f95-a347-2e854857177a,47,21.50311090747601,23.977399120146075,-1.0717213698059105,20.905288714190075,24.870531914893615,0.9640887135906936,DKJ34,Pondok Rangon,Sensor,KOTA ADM. JAKARTA TIMUR,-6.341538,106.91799,712165.9380670581,9298648.487302486,False,5.709269739534892,5.709269739534892,False,False
no2,61246172-d1ec-4e25-8c96-ddf74f967dc5,47,15.875892716720232,18.59547405778689,-0.2788329771401403,14.419330981682133,32.819148936170215,0.5666043959260835,DKI3,Jagakarsa,Reference,KOTA ADM. JAKARTA SELATAN,-6.336216,106.818082,701112.5436513879,9299276.918598592,False,5.0317822635486165,5.0317822635486165,False,False
pm25,a188c80b-8233-41e1-9239-9f7143acbab8,44,46.32385928635369,87.28027900700751,-0.2634041993570708,-46.32385928635369,73.03829545454545,1.1949933725017639,DKI4,Lubang Buaya,Reference,KOTA ADM. JAKARTA TIMUR,-6.2908,106.908501,711136.4655197631,9304264.174903585,False,1.8350169662852263,2.8323869407085063,True,False
pm25,cf30c73e-7b48-4bff-a7d9-70b738a4d607,47,51.68414520890551,63.218316238887915,-1.5912193404099697,-51.68414520890551,70.32234042553192,0.8989791274912582,LCS-26,SDN 5 Marunda,Sensor,KOTA ADM. JAKARTA UTARA,-6.096033,106.960159,716933.0681527309,9325785.534643011,False,4.759233343420078,4.759233343420078,True,False
pm25,dee5c8b6-14bc-4f55-ab96-1c64737aa5cd,47,52.79151319874969,54.51622335614302,-10.90248049907835,-52.79151319874969,74.9477659574468,0.7273895713862342,DKI_PM25_65,RPTRA Amir Hamzah,Sensor,KOTA ADM. JAKARTA PUSAT,-6.2033,106.850242,704723.0845431141,9313964.844849812,False,1.2295780359319637,1.2295780359319637,True,False
pm25,542cbe5e-859d-434f-8fed-e67fcf9cd50c,47,49.750644737275834,52.511843050892594,-5.623041144496573,-49.750644737275834,68.58765957446809,0.765616488107144,DKI_PM25_47,SDN 12 Gedong,Sensor,KOTA ADM. JAKARTA TIMUR,-6.301248,106.856648,705393.8862845261,9303129.289326131,False,2.196882474796024,2.196882474796024,True,False
pm25,f0fb0579-7606-494e-9265-7b61255df34d,47,32.24947837055536,50.18477105945361,-0.2889998315801321,-24.68383782245011,57.21585106382979,0.8771130748971586,DKI_PM25_26,Asrama Universitas Indonesia,Sensor,KOTA ADM. JAKARTA SELATAN,-6.348009,106.829808,702405.4789663556,9297968.064644163,False,1.8397772698656791,1.8397772698656791,True,False
pm25,802a2208-80d3-464e-8e0c-dd2770fa35ab,3,44.48243846497323,44.75483600264937,-18.711493472613896,-44.48243846497323,60.21666666666666,0.7432300470963085,DKJ37,Taman Sungai Kendal,Reference,KOTA ADM. JAKARTA UTARA,-6.138291,106.968288,717815.9444460303,9321108.232238818,False,0.0012956484999847042,1.3994193842769183,True,True
pm25,cc38c761-d5c1-4400-855d-e6ea0c66279a,47,39.02995428097666,41.48817025019302,-1915.8391908402962,39.02995428097666,4.667340425531915,8.88903882460316,DKI_PM25_23,SDN 12 Sunter Agung,Sensor,KOTA ADM. JAKARTA UTARA,-6.13938,106.86716,706620.4291753657,9321027.870407926,True,1.283057282972319,1.283057282972319,True,False
pm25,5d0e04d6-66b3-48e9-be13-81b16af54d45,46,29.134617630891096,39.47329867853005,-1.0341285177736874,-29.134617630891096,39.616195652173914,0.9963929657734305,DKI_PM25_18,SDN 02 Pagi Ujung Menteng,Sensor,KOTA ADM. JAKARTA TIMUR,-6.183194,106.960562,716942.3901796038,9316144.804921951,False,1.302981847533916,1.302981847533916,True,False
pm25,730cae5b-25db-42e0-9150-e3f0abc23e3c,47,34.7531733951589,39.109884913487015,-4.5868948907810205,-34.7531733951589,58.225531914893615,0.6716964813761199,LCS-10,SPKU Kelapa Gading,Sensor,KOTA ADM. JAKARTA UTARA,-6.15421,106.91045,711406.7811059731,9319370.722530408,False,0.24404067747913835,1.3317877542205054,True,False
pm25,428162ac-9555-4000-a2b1-d235c196b7cb,13,32.310493105469064,36.37096485022673,-2.5729480014905475,-31.780011373514185,58.540769230769236,0.6212929096789186,DKI_PM25_27,RPTRA Manunggal Petukangan Selatan,Sensor,KOTA ADM. JAKARTA SELATAN,-6.243737,106.747235,693307.3386902779,9309531.458510889,False,1.4356560888102567,1.4356560888102567,True,True
pm25,ddac0d7d-5b55-4371-b1c5-3d7b64473d0f,44,31.53079317378371,35.671790964796116,-1.5656984249673687,-31.53079317378371,49.506136363636365,0.7205529169712795,DKI_PM25_31,Puskesmas Kecamatan Duren Sawit,Sensor,KOTA ADM. JAKARTA TIMUR,-6.242139,106.910975,711429.86368163,9309645.26228381,False,1.1471279465254667,1.1471279465254667,True,False
pm25,c668593f-4fc4-469b-8efb-669f7a5c0c26,16,30.936451387389,33.89629774239319,-3082.5482887164862,30.936451387389,0.7475,45.34621771557617,DKI_PM25_87,SDN 01 Pondok Kelapa Pagi,Sensor,KOTA ADM. JAKARTA TIMUR,-6.239175,106.932967,713865.1591134788,9309964.21423506,False,1.3127095286474662,1.3127095286474662,False,True
pm25,46cebc3e-fcc7-49fe-955f-ec2448c33c71,47,32.691497084782974,33.617532914107784,-426.879418629174,32.691497084782974,8.079680851063829,4.160750100628227,DKI_PM25_71,Rusunawa KS Tubun ,Sensor,KOTA ADM. JAKARTA BARAT,-6.1865608,106.8096856,700240.4825946703,9315831.651256826,True,1.147066806153848,1.147066806153848,False,False
pm25,ce16cdce-c176-4c48-b244-89fdcf30c2d7,47,27.781226485348192,32.23637181421481,-1.8056086235171795,-27.781226485348192,54.47297872340425,0.5917864704608946,LCS-05,Kota Tua,Sensor,KOTA ADM. JAKARTA BARAT,-6.13488,106.81286,700611.2578801048,9321546.20949274,False,1.891930278257357,1.891930278257357,False,False
pm25,5c6cfb14-61e6-4794-a7d7-a0003d44969d,47,30.819889403449704,31.581210967782425,-23.570006572812247,-30.819889403449704,59.360425531914885,0.5320246727477201,DKI_PM25_37,SDN 01 Cempaka Putih Barat,Sensor,KOTA ADM. JAKARTA PUSAT,-6.175124,106.863204,706168.7114112973,9317076.097427262,False,0.7418801740123739,0.7418801740123739,False,False
pm25,81676dc9-cf43-42ae-808c-c127f438d841,47,29.945962927696446,30.227141530565017,-136.17852145046558,29.945962927696446,12.846808510638297,2.3528911095338785,DKI_PM25_79,SDN 07 Paseban (ROOFTOP),Sensor,KOTA ADM. JAKARTA PUSAT,-6.1934228,106.8553405,705291.230951244,9315055.290540975,False,1.2295780359319637,1.2295780359319637,False,False
pm25,e1f0d84b-bdb6-4538-8696-df7cd483154a,36,27.51948907602966,28.98155915022434,-5.690355142065388,-27.51948907602966,39.42691666666666,0.7350703935397181,DKI102,Rusun Rorotan,Reference,KOTA ADM. JAKARTA UTARA,-6.151638,106.955077,716348.0256947909,9319637.32907398,False,0.5869163120737603,0.5869163120737603,False,False
pm25,a67fb637-93c1-4e90-bd72-d920b37ba41e,47,24.496520148761263,28.49123299707429,-1.2491036386017687,-24.496520148761263,60.158723404255326,0.47360102383853053,LCS-04,Jl. Fatmawati,Sensor,KOTA ADM. JAKARTA SELATAN,-6.27533,106.7977,698880.4105227708,9306018.578906443,False,2.998050479062825,2.998050479062825,False,False
pm25,7e380d05-b4f7-4efe-9ab9-a5a259e785a0,47,25.35074827678323,28.079545621978557,-0.37168690071697696,-21.902610256151277,53.31755319148935,0.5266473035837036,DKI_MANGGALABISMA,"RPTRA Manggala Bisma, Papanggo",Sensor,KOTA ADM. JAKARTA UTARA,-6.127813057843073,106.86804428721646,706722.7769545927,9322306.839103194,False,1.073747203448338,1.073747203448338,False,False
pm25,998c53c2-b5b4-48e8-8221-7568cee4f36b,47,26.43718625109872,26.99610932902568,-25886.290309340766,26.43718625109872,8.531702127659575,3.1642114228888674,DKI_RAGUNAN,PPOP Ragunan,Sensor,KOTA ADM. JAKARTA SELATAN,-6.304420728716271,106.8289196394899,702324.1417212229,9302789.225203257,False,2.8496739632624406,2.8496739632624406,False,False
pm25,edb97c37-f43f-4964-a762-903fe8df3044,47,23.195996726966435,26.35487049822421,-65.1096971701195,23.195996726966435,6.737234042553189,3.911823506763108,DKI_PM25_51,RPTRA Udara Segar,Sensor,KOTA ADM. JAKARTA TIMUR,-6.282609,106.863509,706160.5058863986,9305188.072217572,True,1.7315385858779748,1.7315385858779748,False,False
pm25,45110315-0376-4e97-9588-b4baf0ef1763,46,24.58438426883778,26.04465929647813,-3.236908942109153,-24.58438426883778,38.00554347826087,0.6852858007773431,DKI_PM25_21,RSUD Tanjung Priok (ROOFTOP),Sensor,KOTA ADM. JAKARTA UTARA,-6.116135,106.888912,709037.415483465,9323590.365569634,False,0.5991112422226541,0.5991112422226541,False,False
pm25,493b612d-8277-47b6-9727-3854f13d5f48,47,25.18505541555314,25.294969577734136,-444.0803664034041,-25.18505541555314,45.20308510638298,0.5595850265132084,DKI_PM25_55,RPTRA Melati Duri Pulo,Sensor,KOTA ADM. JAKARTA PUSAT,-6.163207,106.809255,700201.5973013078,9318414.676339505,False,0.4712277163380978,0.4712277163380978,False,False
pm25,576c96d1-07d3-459b-814b-824361ad96fe,47,24.050270416383217,24.580900506232677,-29.00186662325596,24.050270416383217,16.20787234042553,1.5166025490540922,DKI_PM25_38,Taman Ismail Marzuki,Sensor,KOTA ADM. JAKARTA PUSAT,-6.189948,106.839821,703574.7650951701,9315445.578193504,False,1.7602782412972886,1.7602782412972886,False,False
pm25,caaa1a3e-5d7d-405b-af84-1a6ca0f29ac7,47,20.575455130010916,24.334350482607782,-0.5001300435510023,-20.575455130010916,54.46765957446809,0.446766956258473,LCS-06,Taman Telur,Sensor,KOTA ADM. JAKARTA SELATAN,-6.2504,106.81523,700829.9301537045,9308769.094049256,False,2.8055970761601845,2.8055970761601845,False,False
pm25,d24e6893-5831-4b42-ba0d-0c29d817b46b,47,22.205320852043933,24.187080070935345,-22.09708750854918,22.205320852043933,13.07904255319149,1.8493005105357134,DKI_PM25_28,SDN 10 Pondok Bambu,Sensor,KOTA ADM. JAKARTA TIMUR,-6.232204,106.908,711104.5676563538,9310745.30092933,False,1.1471279465254667,1.1471279465254667,False,False
pm25,2879eea5-cadb-4392-ac09-62ca585b75d6,47,22.119198097022558,24.04540854449504,-3.931233816303947,-22.03766854166521,52.98393617021277,0.45382450385053147,DKJ33,Lebak Bulus,Sensor,KOTA ADM. JAKARTA SELATAN,-6.301071,106.789206,697930.673813932,9303174.93566952,False,2.160948662615502,2.160948662615502,False,False
pm25,25e97534-6bbe-40ac-a340-8dd4fcf9ed5f,47,16.152434002454978,22.63922206440674,0.030466801930962628,-15.6767585414464,52.960851063829786,0.4274708885837459,LCS-08,Terminal Kalideres,Sensor,KOTA ADM. JAKARTA BARAT,-6.15396,106.70605,688781.3812141919,9319474.946885653,False,1.4809299281321184,1.4809299281321184,False,False
pm25,c27e2ffc-23b0-4a81-a84b-d4c9525f116a,47,22.36934242474735,22.441350035844746,-44.20847435099103,22.36934242474735,19.14553191489362,1.1721455499696645,DKI_PM25_84,RPTRA Cideng Kenangan,Sensor,KOTA ADM. JAKARTA PUSAT,-6.16709091941493,106.807504595481,700006.3887148881,9317985.783382658,False,0.4712277163380978,0.4712277163380978,False,False
pm25,487c98af-c775-4cad-b541-95c33ad4371f,47,21.453980133609974,21.831718751688168,-107.84493329484458,21.453980133609974,8.562127659574468,2.5498006593343865,DKI_PM25_58,RPTRA Pandawa,Sensor,KOTA ADM. JAKARTA BARAT,-6.184001,106.763099,695085.0242666604,9316132.08196718,True,1.9312759584705963,1.9312759584705963,False,False
pm25,015724e5-cea6-464c-9c8a-4982a8567a79,47,19.48687614199192,21.432727112569296,-1.2152150869674334,-19.48687614199192,51.160319148936175,0.4189326311701667,DKI_PM25_64,SMPN 88 Jakarta (ROOFTOP),Sensor,KOTA ADM. JAKARTA BARAT,-6.19306,106.794973,698609.5885724479,9315118.385973668,False,1.6227147148759897,1.6227147148759897,False,False
pm25,35a9757b-1bb9-468b-8354-a61c6280f5ca,30,18.803772755742912,21.33807003421224,-11.962438591301188,18.803772755742912,25.174333333333333,0.8476121195216917,DKI_PM25_46,SDN 10 Johar Baru Pagi,Sensor,KOTA ADM. JAKARTA PUSAT,-6.18121,106.860386,705854.4309916123,9316404.07509847,False,0.7418801740123739,0.7418801740123739,False,False
pm25,0ce85903-2c94-491f-9d3d-a22b25e92386,47,20.295137822654635,21.282162218671882,-3570.0579972075348,20.295137822654635,15.792021276595742,1.3476528334097864,DKI_PM25_76,RPTRA Anggrek Bintaro,Sensor,KOTA ADM. JAKARTA SELATAN,-6.264257,106.770436,695867.3641965779,9307253.471747907,False,1.558041452842557,1.558041452842557,False,False
pm25,e0bfb6af-c9d6-40bb-94c4-68589b7a44bf,47,15.534359820144093,21.248701445498206,-10.089773630853017,14.90403302405932,24.650851063829787,0.8619865249470613,DKI_PM25_32,Waduk Jagakarsa,Sensor,KOTA ADM. JAKARTA SELATAN,-6.330155,106.830191,702454.8256540478,9299942.549351215,False,1.4982607495032847,1.4982607495032847,False,False
pm25,2420af88-7961-41aa-9d16-090da63e4ef7,47,17.944198650420756,21.197828122877375,-2.7235178698314053,-17.944198650420756,41.943510638297866,0.5053899351839667,DKI2,Kelapa Gading,Reference,KOTA ADM. JAKARTA UTARA,-6.154085,106.908249,711163.1833326722,9319385.41869002,False,0.24404067747913835,1.5622990929388352,False,False
pm25,4aba46b6-6337-4b59-87e6-2c8f2934a043,18,18.914448934771343,21.173427695453686,-76.1877758580552,18.914448934771343,20.692592592592593,1.0232370642155888,DKI_PM25_57,RSUD Cipayung,Sensor,KOTA ADM. JAKARTA TIMUR,-6.307085,106.905332,710779.1794597111,9302464.276590388,False,1.8350169662852263,1.8350169662852263,False,True
pm25,61246172-d1ec-4e25-8c96-ddf74f967dc5,47,16.975395867396813,20.90569202302599,-1.060543185666786,-9.304272755984753,44.44978723404255,0.4703215318658498,DKI3,Jagakarsa,Reference,KOTA ADM. JAKARTA SELATAN,-6.336216,106.818082,701112.5436513879,9299276.918598592,False,1.4982607495032847,1.4982607495032847,False,False
pm25,31c9bb04-39b0-4b7b-a5ef-b6609f4741f9,47,18.938860242090257,20.874465606344877,-1.8504483145743178,17.20001601326145,16.200957446808513,1.288471108876162,DKI_PM25_80,Kamal Park,Sensor,KOTA ADM. JAKARTA BARAT,-6.102668,106.700401,688174.0924730236,9325149.353375386,False,3.456363934672013,3.456363934672013,False,False
pm25,fe9918dc-4492-4a43-b28e-b57a53b79bc2,47,19.129294228311345,20.326119946195387,-780.364306130532,19.129294228311345,15.837127659574469,1.2834473765138252,DKI_PM25_75,RPTRA Jaya Molek,Sensor,KOTA ADM. JAKARTA PUSAT,-6.159806,106.830183,702519.4281382429,9318782.919605033,False,1.3731818025753912,1.3731818025753912,False,False
pm25,e0aa6e66-90b9-478b-b7e4-bc4a35646b32,47,17.88170470720867,20.265554728411278,-3.000035385621369,-17.88170470720867,44.9063829787234,0.45128450309643237,DKI5,Kebun Jeruk,Reference,KOTA ADM. JAKARTA BARAT,-6.207255,106.75256,693910.0438811447,9313564.18909239,False,2.823942761945743,2.823942761945743,False,False
pm25,08bc1f24-cf3b-4d6c-99a2-6393c0b11f4f,47,15.280233156933924,20.150790144472992,-1.570996442808318,-15.280233156933924,39.22755319148936,0.513689702901093,DKI_PENJARINGAN,Rusun Penjaringan,Sensor,KOTA ADM. JAKARTA UTARA,-6.129308030415923,106.79575684232952,698720.0719392066,9322168.82161302,False,0.5340775108344755,0.5340775108344755,False,False
pm25,19309ede-b9bd-4bd9-902f-b8535f2d82d9,47,15.07169833424935,19.851206293134016,-8.629514771682912,14.94294117971805,24.675957446808514,0.8044756251474849,DKI_PM25_78,RPTRA Pulobesar,Sensor,KOTA ADM. JAKARTA UTARA,-6.15562,106.880943,708139.880023832,9319226.364570646,False,2.1533534907187133,2.1533534907187133,False,False
pm25,7d5d927f-e760-476c-bb20-a45d6480b98c,47,14.622627486204879,19.504301980771004,-0.09428975646802562,-12.4734533941773,49.495531914893604,0.39406187237886825,LCS-02,Jl. DI Panjaitan,Sensor,KOTA ADM. JAKARTA TIMUR,-6.174472,106.876083,707594.562027395,9317143.20362181,False,1.305172152118084,1.305172152118084,False,False
pm25,8bc0eb43-1ca6-4d63-961e-826ac20ae2d7,47,15.996214462239646,19.30568889833749,0.02726200224352282,-15.894919626727113,53.416382978723405,0.36141887229667446,LCS-12,Stadion JIS,Sensor,KOTA ADM. JAKARTA UTARA,-6.12521,106.8587,705689.3523666156,9322598.329545366,False,1.073747203448338,1.073747203448338,False,False
pm25,7ed27231-325b-498f-99c4-4886359e4306,47,18.26978173096642,19.23673177158446,-27.412587260973055,18.26978173096642,16.222659574468086,1.185793962036906,DKI_PM25_54,SMPN 179 Jakarta,Sensor,KOTA ADM. JAKARTA TIMUR,-6.331141,106.852423,704914.5665369658,9299824.77733,False,1.7465189258876979,1.7465189258876979,False,False
pm25,bd4ad116-78d8-457a-88fd-d9aef7f00a6d,47,17.08529279560032,19.157435426278866,-3.2124977234235237,17.08529279560032,18.495319148936172,1.035799126903997,DKI_PM25_88,SDN 04 Cipinang Melayu,Sensor,KOTA ADM. JAKARTA TIMUR,-6.251542,106.917473,712145.2758061604,9308602.638712816,False,1.2644676424157502,1.2644676424157502,False,False
pm25,6a6f0ec4-7742-46ed-91d9-7bc94e6d8c18,47,18.14508265976641,18.925664387814113,-5.107704575462905,-18.14508265976641,30.095744680851062,0.6288485162440887,DKI99,SMKN 04 Jakarta,Reference,KOTA ADM. JAKARTA UTARA,-6.141497,106.953288,716154.0761006321,9320759.708530877,False,0.4926943151015753,0.4926943151015753,False,False
pm25,2ba31004-09fd-4806-874e-b20eb28f2bbc,47,18.301675659964626,18.808710710902513,-123.88324051856974,18.301675659964626,4.344361702127659,4.329453208670658,DKI_PM25_34,SMP 112 Teluk Gong (ROOFTOP),Sensor,KOTA ADM. JAKARTA UTARA,-6.135656,106.779261,696891.7172391543,9321472.85149931,True,1.4534056548550707,1.4534056548550707,False,False
pm25,ad9c2afd-b456-480a-8deb-42d1b7d79220,47,15.342046033182932,18.684595209024174,-0.762875748036387,-14.971975974395155,44.34914893617022,0.4213067365941135,LCS-23,CWB Lab Klinik,Sensor,KOTA ADM. JAKARTA SELATAN,-6.187012,106.820039,701386.2863372004,9315777.836376134,False,0.9805927609785587,0.9805927609785587,False,False
pm25,bf554216-ad15-460f-a9e5-2c64db9c6a9e,47,15.370796391979994,18.67813066848967,-1.664948093473345,-15.293711971863287,39.52340425531915,0.47258405545812576,pm25_kemayoran,Kemayoran BMKG,Reference,KOTA ADM. JAKARTA PUSAT,-6.155868028046293,106.84194772134708,703823.1990674324,9319213.97601332,False,1.3731818025753912,1.3731818025753912,False,False
pm25,5c375f43-82cd-479f-bfc6-2c6567653095,47,16.317548582509364,18.661450742033427,-7.510660581839643,16.317548582509364,24.64510638297872,0.7572071490396187,DKI_PM25_48,RPTRA Mawar,Sensor,KOTA ADM. JAKARTA SELATAN,-6.297187,106.770068,695814.3260926043,9303611.709575439,False,2.160948662615502,2.160948662615502,False,False
pm25,0287f192-2054-44eb-a226-f22ff568b82e,47,16.005299177375516,18.658724202462185,-107.55793038013745,16.005299177375516,5.286553191489362,3.529468734467709,DKI101,Metland Perumahan RW07,Reference,KOTA ADM. JAKARTA TIMUR,-6.17624684,106.97006798,717997.5090617859,9316909.321657848,False,1.302981847533916,1.302981847533916,False,False
pm25,43384e3b-44e3-4800-8b22-622b329719d8,45,17.246750698767443,18.454765320358746,-52.66688328865986,17.246750698767443,8.727777777777776,2.114486160193873,DKI_PM25_41,Kantor Walikota Jakarta Utara (ROOFTOP),Sensor,KOTA ADM. JAKARTA UTARA,-6.1201855,106.8925052,709433.6233167618,9323140.973053684,False,0.5688375227589872,0.5688375227589872,False,False
pm25,8dea5257-ec1b-4d25-8d3f-b5024e330b40,47,16.520319911975136,18.435070995777433,-1.6957491168205863,-16.520319911975136,44.71595744680851,0.41227051925941016,DKJ36,Tebet Eco Park,Reference,KOTA ADM. JAKARTA SELATAN,-6.239564,106.852862,704999.0169946412,9309953.03595356,False,2.0797256305783725,2.0797256305783725,False,False
pm25,219dd54c-4129-40b3-b5c6-80f042dd88f9,47,16.17830020850567,18.111367735233365,-7.062838763365171,16.17830020850567,24.64936170212766,0.7347601107930534,DKI_PM25_49,RPTRA Harapan Mulia,Sensor,KOTA ADM. JAKARTA PUSAT,-6.169828,106.855026,705265.5209649773,9317664.995077725,False,1.078217707629188,1.078217707629188,False,False
pm25,3029cf23-cfec-4917-86f4-0afb1c3fe70a,47,17.269245804486662,17.985163934484543,-885.2171809611325,17.269245804486662,18.507021276595744,0.9718021968899366,DKI_PM25_56,SDN 01 Sukapura,Sensor,KOTA ADM. JAKARTA UTARA,-6.150574,106.921919,712677.8322137442,9319768.324974723,False,1.2514838402513029,1.2514838402513029,False,False
pm25,5609315d-61fb-4269-a5cd-f01ac8cf8a70,47,16.50341967376615,17.82834887120462,-3.0528433857809167,16.50341967376615,14.997765957446807,1.188733636848917,DKI_PM25_63,SDN 06 Makassar,Sensor,KOTA ADM. JAKARTA TIMUR,-6.279235,106.880195,708008.471257756,9305554.638460448,False,1.06834174255686,1.06834174255686,False,False
pm25,23ace949-02d5-4000-a5e5-2e3dc130d704,47,16.97713748690507,17.624255952803495,-14.161082577845782,16.97713748690507,18.298085106382977,0.9631748814336627,DKI_PM25_62,RPTRA Ria Damkar Joglo 2,Sensor,KOTA ADM. JAKARTA BARAT,-6.21887055477562,106.723318740138,690669.5268187651,9312290.216690455,False,3.481947229994602,3.481947229994602,False,False
pm25,9d75e672-3aa7-4d11-bbed-c4f4ae8b34cf,47,16.97234233567868,17.555046977353484,-26.272076153443802,16.97234233567868,8.84527659574468,1.9846803870213547,DKI100,SDN 03 Rorotan,Reference,KOTA ADM. JAKARTA UTARA,-6.143968,106.956991,716563.0135585538,9320484.903429683,False,0.4926943151015753,0.4926943151015753,False,False
pm25,928156b8-b6d2-4097-b57f-2c0ea6102e67,47,15.07095532229196,16.486992248948074,-23.068903583881678,15.07095532229196,8.47882978723404,1.9444891173274101,DKI_PM25_81,RPTRA Rorotan Indah 2,Sensor,KOTA ADM. JAKARTA UTARA,-6.156868,106.955973,716445.0966564331,9319058.495776922,True,0.5869163120737603,0.5869163120737603,False,False
pm25,fb382107-366e-4c3e-9693-5d8b2d5e54e5,47,12.124311926504783,16.34939413738169,-0.2461990480809273,-7.31168274897458,28.044645390070922,0.5829773887306886,DKI_PM25_39,RPTRA Rawajaya,Sensor,KOTA ADM. JAKARTA TIMUR,-6.233693,106.943486,715031.6633205483,9310566.272572342,False,1.3127095286474662,3.4910014061143575,False,False
pm25,53fde217-ffa0-4213-a671-95dbb4be6c67,46,14.697320511134402,15.330763358716961,-26.670669166758753,14.697320511134402,9.062065217391304,1.6917516030777615,DKI_PM25_44,RPTRA Kalijodo,Sensor,KOTA ADM. JAKARTA BARAT,-6.142839,106.790256,698106.1488401846,9320674.388047433,False,1.1405355485603432,1.1405355485603432,False,False
pm25,759fafcc-8b5e-4b10-a0ba-ce49ba2e6bfd,47,9.416706401805474,15.221081124835518,-4.664128277521855,8.197917183284945,24.64053191489362,0.6177253468962393,DKI_PM25_74,RPTRA Penjaringan Indah,Sensor,KOTA ADM. JAKARTA UTARA,-6.134137,106.795785,698721.4003436263,9321634.74575425,False,0.5340775108344755,0.5340775108344755,False,False
pm25,4c663e14-ddf6-4212-81b7-b9db9f9dc83c,47,12.845468871223119,15.191381464236093,-0.4879014427169921,-12.845468871223119,34.729787234042554,0.43741648521662463,DKI_PM25_42,Taman Sutoyo,Sensor,KOTA ADM. JAKARTA TIMUR,-6.257937,106.870456,706939.0551702373,9307914.082522178,False,2.5904878012986257,2.5904878012986257,False,False
pm25,022441fc-0402-4b51-af62-ba5c8e4fa37f,46,11.764101508011708,15.012549264638963,-0.5088806429309334,-0.2192995657971805,42.20478260869565,0.3557072999007903,DKJ35,Rusunawa Pesakih,Sensor,KOTA ADM. JAKARTA BARAT,-6.161974,106.716769,689964.9808510509,9318584.86523116,False,1.4809299281321184,1.4809299281321184,False,False
pm25,fa0f58e6-5243-4d6f-acc5-03bb9ffdf698,47,12.26920216491559,14.894446812457423,-4.421844545847402,12.122566242454466,24.656063829787236,0.6040885891308934,DKI_PM25_53,SDN 02 Petukangan Selatan,Sensor,KOTA ADM. JAKARTA SELATAN,-6.243553,106.760206,694742.910355038,9309547.027732957,False,1.4356560888102567,1.9915324479466552,False,False
pm25,ccb9546d-47b3-4264-86c0-10f2b43974a9,47,13.957693927165415,14.783505305448431,-1.251414851889045,13.957693927165415,30.436382978723397,0.48571820494514295,DKI_PM25_50,Kantor LLHD Jakarta Selatan (ROOFTOP),Sensor,KOTA ADM. JAKARTA SELATAN,-6.225848,106.834948,703021.6345834922,9311476.947464602,False,2.496467002266464,2.496467002266464,False,False
pm25,738500d3-df50-40ab-97bb-b8da394aac53,47,13.008257075819133,14.69173833300918,-1.613745763890341,12.024984322163382,23.08808510638298,0.6363342072464672,DKI_PM25_52,Padepokan Restu Bumi Asrama Ciracas,Sensor,KOTA ADM. JAKARTA TIMUR,-6.316993,106.874609,707375.2731622963,9301380.761051353,False,1.2148157164613518,1.2148157164613518,False,False
pm25,19d87909-d7d0-445e-a086-057731bbbe30,47,10.738254361607385,14.6681745983186,0.4804859253825733,-10.557247925434845,43.96372340425532,0.3336426822505858,DKI_CENDRAWASIH,GOR Cendrawasih,Sensor,KOTA ADM. JAKARTA BARAT,-6.143301552250624,106.72061039751402,690396.815565516,9320648.516181648,False,1.5763171342973523,1.5763171342973523,False,False
pm25,ba324a83-d5f1-4e33-8112-be45892f46a7,47,11.682969903558934,14.224633932979984,0.1840283285022375,-10.237054220970354,33.94234042553191,0.41908229528804125,DKI_PM25_15,Kantor SUDIN LH Jakarta Timur (ROOFTOP),Sensor,KOTA ADM. JAKARTA TIMUR,-6.28847332651929,106.883013732949,708316.7448316116,9304531.739891404,False,1.06834174255686,1.06834174255686,False,False
pm25,84b864cd-fb40-4f95-a347-2e854857177a,47,10.555605862681915,13.790619018818596,0.17396704176467914,-7.917060534285747,54.954148936170206,0.2509477316232581,DKJ34,Pondok Rangon,Sensor,KOTA ADM. JAKARTA TIMUR,-6.341538,106.91799,712165.9380670581,9298648.487302486,False,1.8172625379419667,1.8172625379419667,False,False
pm25,b6c91758-b760-42d4-a16c-22bed5a4597d,46,10.349550188765129,13.693860568407693,-3.608016419702838,10.316123589162697,24.490869565217395,0.5591414601242289,DKI_PM25_35,SDN 11 Utan Kayu Utara,Sensor,KOTA ADM. JAKARTA TIMUR,-6.195917,106.86781,706670.4747833917,9314774.590398522,False,1.40751771516037,1.40751771516037,False,False
pm25,2d554554-7567-4ac1-ab87-536260d2ba79,47,11.035230065171305,13.68190440215004,-0.883353928524321,-9.193053738012186,44.39627659574468,0.3081768438991443,DKI1,Bundaran HI,Reference,KOTA ADM. JAKARTA PUSAT,-6.195459,106.822731,701681.0470563313,9314842.594011107,False,0.9805927609785587,0.9805927609785587,False,False
pm25,0d12b23f-2986-4974-9d88-53e1ec616962,47,10.530448481288259,13.043927526493395,-3.162578731373216,2.1811991269175923,24.657765957446802,0.5289987563757391,DKI_PM25_72,SDN 18 Cipinang Muara,Sensor,KOTA ADM. JAKARTA TIMUR,-6.236803,106.889094,709010.2025895708,9310244.17133815,False,1.882487659182372,1.882487659182372,False,False
pm25,3ef766cc-2918-4f12-8e7e-94e828c3f519,46,11.337067421848214,13.037054369643803,-0.484821187484749,11.263839681575064,24.75684782608696,0.526603970797377,DKI_PM25_59,Komplek Dinas Kebersihan Tegal Alur,Sensor,KOTA ADM. JAKARTA BARAT,-6.128056,106.718611,690180.9108831093,9322335.258224571,False,1.7005039109776716,1.7005039109776716,False,False
pm25,ec5ae1ac-e61a-4598-9c34-55d31b7c6961,47,10.701148764525454,12.845603180881959,0.27120561406759036,-8.024873522528926,53.596063829787234,0.23967437649297527,DKI_CILANGKAP,Kebon Bibit Cilangkap,Sensor,KOTA ADM. JAKARTA TIMUR,-6.341642335615187,106.90156825233481,710348.6819929685,9298643.640345514,False,1.8172625379419667,1.8172625379419667,False,False
pm25,d827a404-60e1-4997-a0c6-7e5b2e8cffe8,47,9.924175618602781,12.216567206238535,0.19200528002557338,-9.825053181685819,49.18872340425532,0.24836113565780565,LCS-24,Stasiun Palmerah,Sensor,KOTA ADM. JAKARTA SELATAN,-6.207568,106.797161,698846.3262032706,9313513.032947063,False,1.6227147148759897,1.6227147148759897,False,False
pm25,b6163f52-c25d-4cd5-99cc-8da8900c55af,47,9.38734644726282,11.795096303827021,-0.028570034140618317,-1.9686481839518302,27.550319148936172,0.4281292075080182,DKI_PM25_16,Jakarta Islamic Center (JIC),Sensor,KOTA ADM. JAKARTA UTARA,-6.123743,106.918003,712254.956327799,9322737.489566373,False,1.3526141943898722,1.3526141943898722,False,False
pm25,cc0c1c0b-f16c-45a5-a707-aec6eda7a450,47,9.193760348001522,11.669871059720647,0.11388982932235658,-3.5880158741862664,31.261170212765954,0.3733024381459362,DKI_PM25_14,SDN 04 Bintaro,Sensor,KOTA ADM. JAKARTA SELATAN,-6.270335,106.757735,694459.5368101241,9306586.002483651,False,1.558041452842557,1.558041452842557,False,False
pm25,d0d713ca-1e2d-430c-980a-7c288f7f5210,47,8.255431133207573,11.440930966281977,0.09352493171381748,-7.154838289783863,47.14255319148937,0.2426879791556857,BAM02,SDN 07 Kramat Pela,Sensor,KOTA ADM. JAKARTA SELATAN,-6.244491,106.790577,698103.7631175236,9309431.95771895,False,1.6451882824354576,1.6451882824354576,False,False
pm25,ec0361ad-1f30-4934-8fd5-1ddfb52605c7,47,9.58629842252593,11.198390811449695,-0.38806423977481175,8.771343294605353,24.125531914893617,0.4641717683553538,DKI_PM25_86,Kantor Kecamatan Jatinegara (ROOFTOP),Sensor,KOTA ADM. JAKARTA TIMUR,-6.227984,106.874547,707403.6148132945,9311225.311238518,False,1.882487659182372,1.882487659182372,False,False
pm25,0801e8e7-5b99-4546-bf4b-478d0e26fc03,47,9.669541207464803,10.803233404347978,-1.8497539143257118,-4.203061028161859,24.64776595744681,0.43830477062299456,DKI_PM25_20,TPS 3R Siaga Pejaten Barat,Sensor,KOTA ADM. JAKARTA SELATAN,-6.268989,106.837096,703242.7187981551,9306704.766734984,False,0.7741130024361105,0.7741130024361105,False,False
pm25,af3b8741-cb8a-4df7-ae04-27da56572f79,46,9.241392025932305,10.233795676411479,-0.06708894661336218,9.21876006035431,25.640978260869566,0.39911876888212056,DKI_PM25_25,RSUD Cengkareng,Sensor,KOTA ADM. JAKARTA BARAT,-6.143486,106.73485,691972.9266490804,9320623.029711805,False,1.5763171342973523,1.5763171342973523,False,False
pm25,e755fa68-840c-4542-abf7-46eefb3d059b,47,7.392495278592756,10.233657379262116,-0.5040600543479155,-6.580953485105862,32.948404255319154,0.31059644952638354,DKI_CIRACAS,GOR Ciracas,Sensor,KOTA ADM. JAKARTA TIMUR,-6.324783,106.86687,706515.7699078621,9300522.255733619,False,1.2148157164613518,1.2148157164613518,False,False
pm25,6da19e57-b64d-4781-9280-a9a20e2e843f,19,9.371237605293777,9.786577958102018,-1.8834296089173521,9.371237605293777,20.877105263157897,0.46877082980333107,DKI_PM25_24,Kantor Kecamatan Pulogadung,Sensor,KOTA ADM. JAKARTA TIMUR,-6.198879,106.904644,710746.3899064475,9314432.49246306,False,2.7458973043522055,2.7458973043522055,False,True
pm25,80071522-f32d-4eeb-99d0-126f83979d56,47,7.429440803352039,9.372977881659546,0.5205454587436318,-1.9673037168921774,40.00872340425532,0.23427335551182915,DKI_PULOMAS,Jakarta Equestrian Pulomas,Sensor,KOTA ADM. JAKARTA TIMUR,-6.17846467732303,106.88717854232955,708821.1891475709,9316697.266120905,False,1.305172152118084,1.305172152118084,False,False
pm25,d1e88427-b908-4d72-b4cf-90901731d1be,47,8.857134860653925,9.070355198055037,-3.4816536307751216,8.857134860653925,15.664680851063832,0.5790322371897569,DKI_PM25_45,SDN 11 Kalibata,Sensor,KOTA ADM. JAKARTA SELATAN,-6.2615869,106.8421225,703801.8751866668,9307521.483831026,False,0.6889639935931625,0.6889639935931625,False,False
pm25,3611712a-2eca-427d-a3fc-25e653fca2f0,47,7.12869724809427,8.889813772196721,0.5977514487429179,0.321435991972993,35.59563829787234,0.24974446862856486,DKI_GOMBOLPAYA,"TMB Gombol Paya, Kalideres",Sensor,KOTA ADM. JAKARTA BARAT,-6.134634778409541,106.6891883099439,686921.7779346465,9321618.053584296,False,2.8374338193280257,2.8374338193280257,False,False
pm25,6bafe2cf-c558-4b54-907b-34c9430edaf0,46,6.695039689748365,8.611903769092327,0.12731288366226912,3.7331408492722336,37.02739130434782,0.23258197420138269,DKJ32,Ancol,Sensor,KOTA ADM. JAKARTA UTARA,-6.12244299,106.8376502,703360.1748083489,9322912.38019451,False,2.350254434770993,2.350254434770993,False,False
pm25,f5144af4-3ea5-4479-a2df-fd87262ae311,47,8.072273598189883,8.321986947844646,-8.206998870714267,8.072273598189883,6.79723404255319,1.224319612322592,DKI98,Sungai Taman Kendal,Reference,KOTA ADM. JAKARTA TIMUR,-6.138287,106.968277,717814.7283115932,9321108.679141566,False,0.0012956484999847042,1.3985299287864703,False,False
pm25,cbd6c191-2c82-4eec-b29f-0a90f6082fc6,47,6.977258742428091,8.169815450310098,-0.5961996961439573,-6.977258742428091,23.046382978723404,0.35449447567770326,DKI_PM25_77,Kantor SUDIN LH Jakarta Barat (ROOFTOP),Sensor,KOTA ADM. JAKARTA BARAT,-6.15256590728919,106.772468995311,696133.6885125707,9319605.194958372,False,0.9215933253428293,0.9215933253428293,False,False
pm25,eab670ce-1319-45ee-aea0-4d11ee0de227,47,7.053948299643336,8.027701129762063,-0.8625127974740292,4.946826504404012,19.453829787234042,0.4126540232725788,DKI_PM25_66,Kantor SUDIN Jakarta Selatan (ROOFTOP),Sensor,KOTA ADM. JAKARTA SELATAN,-6.272876,106.831279,702597.4517791606,9306277.120368533,False,0.7741130024361105,0.7741130024361105,False,False
pm25,570b6df8-7785-4720-8ca6-d544eb3df355,47,6.683868565910587,7.9603878355547515,-0.5153199043108794,-6.347328312494954,26.99063829787234,0.29493144058702253,DKI_PM25_60,Taman Maju Bersama (TMB) Dupa Indah,Sensor,KOTA ADM. JAKARTA BARAT,-6.171999,106.775773,696492.2577052843,9317454.776518838,False,1.306263314486492,1.306263314486492,False,False
pm25,e88dcdc2-4211-4229-8a46-1e7b193f3d42,47,7.25115678280232,7.651989436290829,-5.454983132605862,7.25115678280232,14.621276595744682,0.5233461925286218,DKI_PM25_12,SDN 05 Wijaya Kusuma Pagi (ROOFTOP),Sensor,KOTA ADM. JAKARTA BARAT,-6.160188,106.775834,696503.3596207448,9318760.992654953,False,0.9215933253428293,0.9215933253428293,False,False
pm25,6f041190-f963-4b8b-8cfc-ae979a8dc94a,47,6.611397435840576,7.327223933983803,-0.7570008886003412,-6.576084217261405,18.434702127659577,0.3974690712788886,DKI104,SDN 05 Cakung Timur,Reference,KOTA ADM. JAKARTA TIMUR,-6.16545,106.963007,717220.2761205664,9318106.412058096,False,0.97032047978577,0.97032047978577,False,False
pm25,c031bd5c-329e-4798-a76e-23471f86b09c,47,6.312789186535145,6.922038931149251,-27.686765489646554,6.312789186535145,4.2752127659574475,1.619109810456191,DKI103,Taman RW 009,Reference,KOTA ADM. JAKARTA UTARA,-6.153326,106.971152,718126.877721733,9319444.087780152,False,0.6953702984929476,0.6953702984929476,False,False
pm25,4addd804-bfcd-4f33-a2bb-bf8b9f6412f9,47,5.632242315834232,6.873534506960429,0.279788323351718,4.95070652758659,15.008617021276597,0.4579725431874457,DKI_PM25_29,RPTRA Rawa Badak Utara,Sensor,KOTA ADM. JAKARTA UTARA,-6.117076,106.896598,709887.9285418945,9323483.292918308,False,0.5688375227589872,0.5688375227589872,False,False
pm25,f54ebf4f-77fd-4690-88ac-3d14a256d8dc,47,5.502362442234685,6.871559370037511,0.2972756424072964,4.316523070889406,33.25478723404255,0.20663368920920874,DKI_PM25_43,RPTRA Kebon Melati,Sensor,KOTA ADM. JAKARTA PUSAT,-6.200209,106.814043,700717.6265659111,9314320.550706107,False,1.0957683394117148,1.0957683394117148,False,False
pm25,69dec38f-8fb8-467d-9701-4fe488e378dc,40,5.156907385067827,6.318991839337311,-48.13548692090695,0.7186446466210427,34.805625,0.1815508797597317,DKI_PM25_85,SDN 03 Kebayoran Lama Utara,Sensor,KOTA ADM. JAKARTA SELATAN,-6.250298,106.776891,696586.9402064375,9308794.860598357,False,1.6451882824354576,1.6451882824354576,False,False
pm25,38146348-8e39-48fd-9b80-9a07270976ce,47,5.90065160971354,6.159273501094973,-9.788417602364932,5.90065160971354,5.179510638297873,1.189161280131877,DKI105,JGC Shinano,Reference,KOTA ADM. JAKARTA TIMUR,-6.159329,106.969286,717917.8585167546,9318780.875277271,False,0.6953702984929476,0.6953702984929476,False,False
pm25,b24e4361-bcc4-4014-849f-c1909ab68a70,47,5.194251350921537,6.000902465139905,-0.41506573408064185,-5.177267335420686,21.97457446808511,0.2730838985690188,DKI_PM25_22,Kantor Kelurahan Kapuk Muara,Sensor,KOTA ADM. JAKARTA UTARA,-6.137185,106.764126,695215.8094651434,9321309.291689476,False,1.6838701489078802,1.6838701489078802,False,False
pm25,93ba95c3-d8e4-48ff-bae0-21510ae9aa90,47,4.4979391345649535,5.74104412929959,0.1972489070716542,4.4979391345649535,24.666170212765962,0.23274971670828395,DKI_PM25_83,RPTRA Gading Tarian,Sensor,KOTA ADM. JAKARTA UTARA,-6.171162,106.907712,711096.9846857231,9317496.861316992,False,0.5938176783544566,0.5938176783544566,False,False
pm25,42b53155-7cfe-4543-aec2-5832c886d36f,47,4.401725286747649,5.48157082832813,0.6909271837150142,-2.2851284070849176,47.2931914893617,0.11590613058036428,LCS-01,Patung Pemuda Membangun,Sensor,KOTA ADM. JAKARTA SELATAN,-6.229448,106.79978,699127.9618246034,9311092.192776227,False,1.950734076443378,1.950734076443378,False,False
pm25,09953843-9c1e-4950-98d7-0eaa5b191061,47,3.534828114919946,4.932514722357926,0.4054495367741181,2.4255878633135266,24.64946808510639,0.20010633516827211,DKI_PM25_67,RPTRA Taman Pinus,Sensor,KOTA ADM. JAKARTA UTARA,-6.140051,106.917764,712222.0464205415,9320933.859664522,False,0.5901527281393156,0.5901527281393156,False,False
pm25,9ce99524-9672-46e7-8982-b9df21e53d52,47,3.6044209845112434,4.700905527214636,0.6348349341161269,-1.9326904080254768,23.317127659574467,0.2016074018998799,DKI_PM25_30,RPTRA Duren Tiga,Sensor,KOTA ADM. JAKARTA SELATAN,-6.255385,106.842706,703868.8578887013,9308207.183985682,False,0.6889639935931625,0.6889639935931625,False,False
pm25,839ecba9-6e30-4266-b272-a1dcd1ea2d2f,47,3.373108195641496,4.401543222542025,0.5250323060624457,3.373108195641496,24.635851063829787,0.1786641432089328,DKI_PM25_82,SDN 07 Peganggsaan Dua,Sensor,KOTA ADM. JAKARTA UTARA,-6.175007,106.911456,711509.9001341695,9317070.105804361,False,0.5938176783544566,0.5938176783544566,False,False
pm25,115a3436-2ca4-4697-a8eb-06975fcef75a,46,3.4761763021792795,4.390063826302493,0.5262866728449814,1.4792024020215737,24.487065217391297,0.17928093004728737,DKI_PM25_13,RPTRA Tipar Asri,Sensor,KOTA ADM. JAKARTA UTARA,-6.135652,106.920781,712557.7788622077,9321419.208992474,False,0.5901527281393156,0.5901527281393156,False,False
pm25,2c0d984d-0f4a-4f8a-8564-ddd78fd76b34,47,3.3581473751160034,4.077966758196204,0.6942269793723441,-0.47688390711909956,21.996170212765957,0.18539439905904467,DKI_PM25_17,SDN 20 Pejaten Timur,Sensor,KOTA ADM. JAKARTA SELATAN,-6.2737557,106.850605,704735.9029667658,9306172.31425882,False,1.5852774522976143,1.5852774522976143,False,False
pm25,d805f864-70e7-4f19-bfd1-6e42786d1ad7,47,2.6221404214132553,3.186499605618919,-0.18848085910007617,-1.8539133447533598,25.187446808510643,0.1265114177647504,DKI_PM25_69,Taman Maju Bersama (TMB) Tanjung Duren,Sensor,KOTA ADM. JAKARTA BARAT,-6.166959,106.786776,697712.0138973467,9318008.10698194,False,1.3393952999287908,1.3393952999287908,False,False
