pollutant,hour_local,n,mae,rmse,r2,bias,mean_obs,nrmse,rmse_ratio,high_error,limited_data
no2,0,26,27.21799347224138,32.93250783215056,0.10858506242844901,13.165095459815984,46.60173076923077,0.7066799298770801,0.7008076736485137,False,False
no2,1,26,22.620817920451575,28.007230833811164,0.30473539270209915,12.43584468818517,47.6525,0.5877389608900092,0.5959971948087864,False,False
no2,2,26,26.435972357196114,32.67317896778124,0.24069735863360897,14.347469965990912,51.59057692307692,0.6333167976876459,0.6952891246490004,False,False
no2,3,26,31.332818740910536,37.90261245044082,0.039073440039449236,14.532955060672915,54.96153846153846,0.689620660399903,0.8065720895589638,False,False
no2,4,26,31.783692059850992,37.331235723643566,0.04337368829525434,15.465838528861081,54.63115384615384,0.683332367988632,0.7944131250268801,False,False
no2,5,25,35.711179598684915,41.094871948264,-0.12875998105264697,16.11216021798918,57.917199999999994,0.7095452119277866,0.8745037503894759,False,False
no2,6,13,30.903570443106357,37.58390348974175,0.09525935941543795,17.543949113639176,64.80192307692306,0.5799812984736242,0.7997899250649376,False,True
no2,7,25,30.46369607068838,38.554102832850575,0.022777441517421892,18.041703633842747,69.31299999999999,0.556231916564722,0.8204358821868435,False,False
no2,8,26,30.00310139769074,35.2169891149648,0.1733366569836594,18.548532720577942,54.480000000000004,0.6464205050470777,0.7494217063684769,False,False
no2,9,25,35.946225487875125,41.471429752268854,0.08143278838619461,17.635603085766082,48.81040000000001,0.8496433086446504,0.8825169451320034,False,False
no2,10,26,39.22922500008963,47.27776816404276,0.07228396929531244,19.710826146474535,44.86961538461538,1.0536700116278035,1.0060765153752014,False,False
no2,11,25,37.52908821727175,45.65429277696675,0.1836146949382017,22.856964100341234,42.086000000000006,1.0847857429303507,0.9715287665356299,False,False
no2,12,26,39.019485706915155,46.05549816283603,0.3449659468172048,29.690224978557445,47.76480769230769,0.9642140393303219,0.9800664647443225,False,False
no2,13,25,35.271586825824585,42.63287192795729,0.27635347191992043,26.37823974201313,45.937200000000004,0.9280685790156405,0.9072325724194844,False,False
no2,14,25,36.70802215118436,44.38014601382334,0.26562569257002744,26.825942024712287,45.23580000000001,0.9810845837549758,0.944414772256288,False,False
no2,15,26,45.68192951929988,51.926630878353706,0.14777442048068457,28.06554039591882,47.22461538461539,1.0995670468767886,1.1050048654581237,False,False
no2,16,26,59.04473904221223,66.43643996976922,0.015130668258309554,31.721988435969266,54.91576923076923,1.2097880244668409,1.413775324308871,False,False
no2,17,26,61.088046233374705,68.86686368447754,0.11642967079901478,36.36283841954352,64.93115384615383,1.0606135823128735,1.4654950292935638,False,False
no2,18,26,55.0733312446713,62.800892032194945,0.1651031722692824,34.70894649378626,67.13749999999999,0.9354070680647173,1.336410432890497,False,False
no2,19,26,48.760795492768615,56.8443429408007,0.05378688108578511,27.183273493703787,63.91346153846154,0.8893954665026738,1.209654361564587,False,False
no2,20,26,50.591811147070686,59.457266787702345,-0.041383192099865296,24.683736430231,66.35307692307691,0.8960739960353478,1.2652576910134359,False,False
no2,21,26,36.254587184472264,45.25559331106496,0.1306772341764859,21.713466088777384,61.00461538461538,0.7418388432701745,0.9630443946011379,False,False
no2,22,26,44.528011809441736,51.2692903312967,0.03481634488646601,22.703412769838756,61.853269230769236,0.8288856994771834,1.0910165806325105,False,False
no2,23,25,35.37817949789142,41.2732449281928,0.07793482540632268,17.36527788552188,51.906400000000005,0.7951475141445524,0.8782995485638142,False,False
pm25,0,210,17.938551021708218,24.729118407133402,-0.19447277977669186,-2.02926409761468,30.75305714285714,0.8041190276550151,1.0722558020955562,False,False
pm25,1,209,18.34150862863785,25.346561762127198,-0.12916485005866063,-1.8299170326262182,31.043531100478468,0.8164844933422067,1.0990281766281826,False,False
pm25,2,209,20.242327290231398,34.45848517632265,0.0009810216167999153,-2.793922540641141,33.680306220095694,1.0231048658269812,1.4941216283342111,False,False
pm25,3,207,20.96098596018505,35.72494499934056,-0.024853442935988124,-3.032656288127186,35.34398711755234,1.0107785768629094,1.54903538914827,True,False
pm25,4,207,20.830328600668913,27.958859961057378,-0.10290153326146934,-2.195783032625374,35.83367632850242,0.7802397863045566,1.2122975562514635,False,False
pm25,5,208,23.476414048832208,34.07885979420471,-0.0994142615459237,-2.860780888286347,40.44797596153846,0.8425356024392896,1.4776610529146974,False,False
pm25,6,103,17.15133417885197,21.764104452748327,-0.23305102752430495,-1.548497843817109,35.174174757281556,0.618752383046111,0.9436926498011099,False,False
pm25,7,198,17.1065210295389,21.50351809663075,-0.13326152160867122,-1.418534614742312,36.7268265993266,0.5854989414474766,0.932393612460037,False,False
pm25,8,208,13.998312136712194,17.35346926143431,-0.1751166266443811,-0.8024483598887054,29.113442307692306,0.5960638071592518,0.7524472888888879,False,False
pm25,9,208,13.13152923282416,16.593713926842973,-0.0512958759324913,-0.4368269805722401,28.16900480769231,0.589077038401854,0.7195042598541928,False,False
pm25,10,208,14.08440765036175,17.919178092718365,0.004931216574582065,-0.5105818298999504,28.566538461538457,0.6272785943891825,0.776976451904503,False,False
pm25,11,209,14.50950031390005,18.1273239952943,-0.03923464308194036,-0.5552435942290197,28.015765550239234,0.6470401089981818,0.7860016685759993,False,False
pm25,12,213,13.397135987580336,16.94660248524248,-0.05576524366754465,-0.41174676665868687,25.318525821596246,0.6693360665883372,0.7348055252696172,False,False
pm25,13,211,12.080054085480377,15.381686053600902,-0.09010304317771856,-0.4492125577238213,23.50983412322275,0.6542660391808994,0.666950671085316,False,False
pm25,14,210,11.73935447631988,15.097864344176166,-0.09770068620817218,-0.4000042019659093,23.403000000000006,0.6451251696011692,0.6546441476710578,False,False
pm25,15,208,12.129990413267299,16.058587687554528,-0.03436024207593347,-0.6177105219495498,24.698466346153847,0.6501856213454825,0.6963011595461327,False,False
pm25,16,209,13.3261371275726,17.516716602119846,-0.19520629749680363,-0.7445178904766961,25.44092822966507,0.6885250586766997,0.7595257016873096,False,False
pm25,17,210,13.505058496013724,16.98609766771833,-0.1371866910823747,-0.4721467202193211,28.18705714285715,0.6026204715742295,0.7365180383429638,False,False
pm25,18,211,14.47780100449262,18.650876652087714,-0.1391184742567304,-0.5458384780121878,30.56563507109005,0.6101910399934175,0.8087029377723708,False,False
pm25,19,210,16.23014262218825,21.31725449332539,-0.20795917278890075,-0.6688636392524077,32.64706666666667,0.6529607915767437,0.9243172133715122,False,False
pm25,20,210,17.803898182201323,23.604099608564958,-0.16621153639497388,-1.2265353068988516,34.76757619047619,0.6789112786939338,1.0234749311250968,False,False
pm25,21,209,19.07529583031784,25.351280188897036,-0.139366515253198,-1.7116359638778407,35.77376076555024,0.7086557199015557,1.0992327678472236,False,False
pm25,22,210,20.136913376831984,25.990970116637325,-0.1930258220986516,-1.7127922773986817,35.12838571428571,0.7398851267471576,1.1269697548788256,False,False
pm25,23,210,19.015913530107827,25.395843144020706,-0.23313453025676334,-2.2851540847174507,32.86906666666667,0.7726365765589339,1.1011650197942275,False,False
