edge_id,pm25_ugm3,no2_ugm3,exposure_index,confidence_score,background_source,estimation_source,n_cells,nearest_station_m
44451,25.8005,35.927,1.5786,0.1805,,idw,66,2319.1865
3826,36.2467,38.9124,1.9865,0.244,,idw,2,1406.6051
118188,30.7324,61.3,2.2504,0.2861,,idw,1,929.0109
148442,36.3773,27.7919,1.7684,0.2082,,idw,1,1883.6629
353939,8.1992,47.6414,1.2261,0.2658,,idw,4,1150.5336
58397,20.7668,24.4879,1.182,0.2001,,idw,2,2001.5012
182468,37.0083,31.3122,1.8599,0.2569,,idw,1,1252.7917
316419,14.5083,29.8675,1.081,0.2557,,idw,1,1266.9373
64552,17.6163,52.8295,1.6438,0.2446,,idw,1,1399.5733
297724,38.6647,47.9708,2.2482,0.2571,,idw,1,1250.543
119921,14.711,25.2492,0.9953,0.2501,,idw,1,1332.5391
342983,40.8723,24.5465,1.8533,0.3564,,idw,1,270.2951
181792,36.4204,37.3939,1.9619,0.2006,,idw,1,1994.6923
235940,22.4167,65.2188,2.0516,0.3134,,idw,1,656.1876
206237,29.2693,97.2342,2.9203,0.2566,,idw,1,1255.6001
144940,38.1548,26.5738,1.8033,0.1969,,idw,1,2050.3464
71133,26.0308,68.0559,2.2288,0.2723,,idw,1,1077.6568
220026,13.6131,34.681,1.1474,0.2791,,idw,1,1003.1952
94473,14.9319,46.5133,1.428,0.2584,,idw,2,1234.6073
110662,23.1308,59.1749,1.9545,0.2299,,idw,1,1585.0809
87588,32.6416,103.684,3.1617,0.308,,idw,1,708.087
172589,12.2605,44.8589,1.3059,0.2416,,idw,1,1436.4304
275728,16.9757,64.9633,1.8651,0.3382,,idw,1,427.1834
43585,30.2667,65.8993,2.3269,0.271,,idw,3,1092.6801
305201,35.9675,35.1482,1.9019,0.2206,,idw,1,1708.8629
89501,24.8556,65.2662,2.1338,0.3349,,idw,2,456.9805
316605,33.3048,102.5686,3.1615,0.2985,,idw,2,802.4651
224943,13.1817,27.2885,0.9852,0.2955,,idw,2,833.2251
237411,22.411,40.5088,1.5572,0.3366,,idw,2,441.878
248876,49.3348,49.7388,2.6393,0.3356,,idw,1,450.8515
74253,31.3873,32.1786,1.6898,0.1984,,idw,1,2028.0009
62455,29.3045,50.729,1.9914,0.1511,,idw,2,2844.5516
57407,22.7226,22.9111,1.2156,0.2255,,idw,3,1643.0483
1564,37.963,40.1739,2.0689,0.2652,,idw,3,1156.986
21148,31.1808,34.3022,1.7254,0.1835,,idw,2,2261.3503
321086,17.3745,62.105,1.8213,0.3402,,idw,2,410.027
229509,23.1322,58.1002,1.9331,0.2241,,idw,2,1662.6659
173618,25.0635,32.6431,1.4883,0.2055,,idw,2,1921.7084
45397,16.3742,40.345,1.3527,0.2949,,idw,2,838.0762
171463,19.179,57.2703,1.7847,0.3563,,idw,2,271.5873
333258,12.0346,37.0836,1.1428,0.298,,idw,1,807.1994
186304,9.962,46.9164,1.2704,0.1669,,idw,1,2545.9221
50359,22.4201,21.9111,1.1856,0.2531,,idw,2,1297.3248
310855,2.4972,39.5353,0.8739,0.3597,,idw,7,245.7861
42434,21.952,53.2977,1.7977,0.2913,,idw,1,874.8836
345572,29.1689,25.3666,1.4796,0.1593,,idw,1,2685.4407
10425,18.7393,46.2581,1.5498,0.2208,,idw,2,1707.2614
23659,19.9773,32.4353,1.3146,0.1814,,idw,1,2295.5382
349049,15.8951,54.6975,1.6238,0.2419,,idw,1,1432.9465
212653,40.2441,44.1491,2.2245,0.3017,,idw,1,769.6632
170196,25.1921,21.0732,1.2612,0.2271,,idw,2,1622.0659
217128,27.8061,34.7763,1.6224,0.1738,,idw,1,2424.3643
219841,28.7188,31.2794,1.5829,0.2551,,idw,1,1273.8335
329322,15.8095,36.9926,1.2668,0.2467,,idw,2,1374.4753
313271,13.1876,24.9713,0.939,0.3568,,idw,3,267.3378
271892,22.1154,24.6383,1.2299,0.2526,,idw,1,1303.5874
147052,16.9112,28.0617,1.1249,0.3546,,idw,2,286.2124
343191,11.5146,46.4229,1.3123,0.2963,,idw,1,823.9083
161104,27.2467,52.0236,1.9487,0.1672,,idw,1,2540.138
74795,34.0191,47.4753,2.0835,0.2316,,idw,2,1564.0796
311859,24.5403,16.0112,1.1382,0.2424,,idw,1,1426.8994
367368,9.526,25.4204,0.8259,0.3381,,idw,1,428.5254
200583,32.6981,53.8117,2.1662,0.3239,,idw,1,557.5042
186914,30.393,29.9076,1.6113,0.1646,,idw,2,2588.6377
249034,33.3202,101.6215,3.1431,0.2894,,idw,1,895.2534
72646,28.3329,29.538,1.5352,0.2831,,idw,1,960.7632
57366,25.7647,20.7335,1.2735,0.3641,,idw,1,206.3639
260480,20.1815,27.8505,1.2297,0.2648,,idw,2,1161.7267
257859,39.7194,48.0602,2.2852,0.2599,,idw,1,1217.6701
21274,35.0146,36.7979,1.9031,0.165,,idw,3,2580.8646
187044,20.007,27.5878,1.2187,0.2681,,idw,1,1124.2598
223996,28.7874,18.2328,1.3242,0.2488,,idw,1,1348.0457
179776,35.7295,27.1648,1.7343,0.2131,,idw,4,1814.1024
138511,25.3776,47.1119,1.7882,0.3036,,idw,1,750.8788
335749,35.7389,33.0287,1.8519,0.25,,idw,2,1334.0076
296808,14.2731,49.3478,1.4627,0.2816,,idw,1,977.3788
151505,18.466,37.7424,1.3704,0.2737,,idw,3,1062.3854
59893,27.3227,28.2169,1.4751,0.1539,,idw,3,2789.5643
105313,23.2335,36.8984,1.5124,0.1976,,idw,1,2039.6235
176817,16.6863,22.7547,1.0113,0.3164,,idw,2,627.8217
143574,24.0586,24.726,1.2965,0.2466,,idw,2,1374.7885
293495,22.8028,52.5207,1.8105,0.2272,,idw,2,1621.2867
170852,31.1776,50.6658,2.0526,0.1346,,idw,4,3192.6982
336217,17.0312,67.2078,1.9119,0.3099,,idw,2,689.8302
178450,34.8322,13.6436,1.4339,0.2796,,idw,2,997.98
360081,39.7743,45.4783,2.2354,0.2763,,idw,1,1034.4678
118759,16.4072,43.5852,1.4186,0.2633,,idw,2,1178.594
356247,15.8612,88.0913,2.2905,0.3322,,idw,1,481.4604
350370,13.3329,45.3926,1.3523,0.2872,,idw,1,917.908
110610,15.0971,22.3394,0.95,0.3457,,idw,2,361.7394
219550,20.5158,29.8062,1.28,0.2396,,idw,1,1461.1086
244630,14.3408,32.297,1.124,0.2423,,idw,1,1428.0875
260184,23.9983,30.1895,1.4037,0.3679,,idw,1,174.7233
255427,9.7396,34.4522,1.0137,0.2956,,idw,1,831.8095
319647,27.4462,58.6598,2.0881,0.2446,,idw,1,1399.5318
226839,16.2387,22.9467,1.0002,0.3451,,idw,2,366.9495
295593,12.8216,29.1244,1.0099,0.2755,,idw,2,1042.9187
159527,20.3049,37.8492,1.4338,0.1987,,idw,2,2023.7688
22399,10.4023,24.7395,0.8415,0.3327,,idw,2,477.2026
194048,14.7125,51.4139,1.5187,0.2017,,idw,2,1977.5573
69647,23.2857,54.7724,1.8716,0.2582,,idw,2,1237.451
193974,33.6556,51.768,2.1572,0.2819,,idw,1,974.2505
236694,22.9266,63.6187,2.0366,0.2774,,idw,1,1022.1639
56232,25.7897,24.5626,1.3509,0.3672,,idw,2,180.7067
338854,15.3465,32.6002,1.1636,0.2685,,idw,1,1120.3523
203588,11.2549,46.17,1.2986,0.2687,,idw,1,1117.3874
26923,27.1665,58.2358,2.0703,0.25,,idw,1,1334.3042
155547,16.9923,56.8462,1.7033,0.3637,,idw,1,209.6675
109351,23.6709,62.244,2.0339,0.2914,,idw,1,874.1035
198800,30.9511,24.1323,1.5143,0.136,,idw,1,3160.9767
122985,19.2678,34.9642,1.3415,0.2888,,idw,3,900.8606
270005,38.4201,40.3106,2.0869,0.2184,,idw,1,1739.2939
55802,12.4901,43.7305,1.2909,0.3014,,idw,2,772.9418
179092,32.0726,25.8905,1.5869,0.137,,idw,2,3137.8552
346372,32.3903,29.9544,1.6788,0.1921,,idw,2,2124.1129
263523,8.184,35.5843,0.9845,0.3267,,idw,1,531.6929
141453,20.2221,29.1826,1.2577,0.3203,,idw,2,590.7729
168386,35.6934,54.4257,2.2783,0.1988,,idw,1,2021.3275
232437,11.0258,48.7551,1.3426,0.2821,,idw,1,971.6988
195148,15.9911,46.1115,1.4553,0.383,,idw,2,54.5985
338195,44.5916,53.5004,2.5564,0.2653,,idw,2,1155.4496
211819,35.2671,35.791,1.8914,0.2175,,idw,1,1751.6863
247419,30.0425,18.8488,1.3784,0.2352,,idw,1,1516.6217
202309,31.0593,90.6029,2.8474,0.2292,,idw,2,1595.256
349149,16.583,48.1426,1.5156,0.2783,,idw,1,1011.9192
253911,27.3269,64.2869,2.1966,0.2422,,idw,1,1429.4868
13389,33.3037,61.7481,2.3451,0.326,,idw,2,537.9532
17208,50.9806,47.4544,2.6484,0.2454,,idw,1,1389.6932
330672,18.7001,39.5377,1.4141,0.3164,,idw,1,627.4105
273238,31.7257,50.4482,2.0665,0.1391,,idw,1,3092.052
186080,13.644,54.099,1.5368,0.2949,,idw,1,838.8341
336440,23.2753,51.7907,1.8117,0.2363,,idw,1,1502.87
304161,31.4834,18.3233,1.4159,0.2584,,idw,1,1235.184
148755,35.1254,29.7143,1.7651,0.2222,,idw,2,1687.5399
61870,24.5912,22.4751,1.2692,0.2196,,idw,1,1722.7663
267336,11.873,37.0744,1.1373,0.2637,,idw,1,1173.4355
356748,8.9174,45.1972,1.2012,0.2546,,idw,1,1279.6401
251225,15.6407,91.5717,2.3528,0.313,,idw,1,659.4443
79838,22.1469,24.0196,1.2186,0.2419,,idw,1,1433.2894
255425,39.4407,27.7306,1.8693,0.1597,,idw,1,2678.9558
364571,23.8734,58.1869,1.9595,0.3161,,idw,2,631.0182
93290,11.5575,41.3581,1.2124,0.2593,,idw,2,1225.3369
328737,29.115,58.3142,2.1368,0.274,,idw,2,1059.0343
130556,12.0123,27.6245,0.9529,0.3005,,idw,2,782.8059
111528,22.1579,19.7352,1.1333,0.242,,idw,1,1431.8162
89226,20.499,79.9722,2.2827,0.2503,,idw,2,1329.8799
97276,10.7542,38.7148,1.1328,0.2634,,idw,1,1177.2783
1352,25.4317,22.7124,1.302,0.2085,,idw,3,1878.5139
42338,18.0616,50.4151,1.6104,0.2568,,idw,1,1253.0711
175424,33.0706,18.3388,1.4691,0.264,,idw,2,1170.3757
90510,27.5351,63.0957,2.1798,0.2468,,idw,1,1373.2572
6888,25.0809,60.7087,2.0502,0.2852,,idw,2,939.3302
361107,20.6297,60.2493,1.8926,0.2594,,idw,1,1223.2566
56628,10.9829,48.3813,1.3337,0.1507,,idw,1,2851.5748
263377,34.7032,17.4215,1.5052,0.2998,,idw,1,789.3119
365954,1.951,54.9465,1.164,0.3771,,idw,2,101.364
100482,14.0186,53.746,1.5422,0.2043,,idw,3,1939.9768
214371,12.1331,40.4184,1.2128,0.3303,,idw,1,498.5837
120468,15.9268,23.9687,1.0103,0.2579,,idw,1,1240.2852
180288,34.5458,33.8561,1.8287,0.1596,,idw,2,2681.155
265478,12.5426,38.1111,1.1803,0.2603,,idw,2,1212.405
101564,18.0452,61.0273,1.8221,0.3242,,idw,1,554.4586
58726,21.625,24.9014,1.2189,0.2293,,idw,1,1593.6245
104677,10.805,36.2636,1.0854,0.2753,,idw,1,1044.7144
47748,16.4774,52.3641,1.5965,0.216,,idw,1,1772.5736
288881,37.9958,45.5253,2.177,0.2898,,idw,1,890.6201
314754,28.1903,33.7838,1.6154,0.2323,,idw,1,1553.9406
264814,15.7086,23.5236,0.9941,0.2493,,idw,1,1342.5148
284156,19.1622,76.3113,2.165,0.2741,,idw,1,1058.3413
176276,17.0668,55.2179,1.6733,0.1698,,idw,2,2493.9239
355962,27.283,64.4982,2.1994,0.2347,,idw,1,1523.3629
76927,26.5156,20.0869,1.2856,0.2124,,idw,1,1823.6109
92873,15.0287,46.7634,1.4362,0.3072,,idw,2,715.6467
236564,19.0795,33.7454,1.3109,0.2969,,idw,3,818.504
96602,22.3552,53.2394,1.81,0.2767,,idw,2,1029.8066
334829,25.8049,24.5612,1.3514,0.3729,,idw,1,134.4421
71565,40.3672,49.9514,2.3446,0.2721,,idw,1,1080.1506
22735,23.984,25.6356,1.3122,0.1953,,idw,2,2074.5113
256604,38.9137,62.9767,2.5567,0.31,,idw,1,689.0175
110401,27.0725,62.4584,2.1516,0.2916,,idw,3,872.7728
288313,23.3507,59.9303,1.977,0.2472,,idw,1,1367.7788
159036,37.279,53.8918,2.3205,0.2186,,idw,1,1736.9886
273606,35.1233,17.186,1.5145,0.3104,,idw,1,685.0711
307950,33.5337,99.977,3.1173,0.2815,,idw,2,978.5377
255459,10.2146,46.6114,1.2727,0.2153,,idw,2,1782.7787
44598,16.0044,46.7381,1.4682,0.2237,,idw,2,1667.295
282651,33.5597,48.4407,2.0875,0.216,,idw,1,1772.5737
2337,40.0757,106.0888,3.4576,0.3581,,idw,1,256.1983
168491,32.6141,59.7985,2.2831,0.2096,,idw,3,1863.5671
137208,17.5321,39.0445,1.3653,0.3127,,idw,2,662.8737
309252,24.9352,24.4746,1.3207,0.2606,,idw,2,1209.9882
177276,12.7004,25.218,0.9277,0.2889,,idw,1,900.268
250012,13.1382,51.4688,1.4673,0.164,,idw,1,2598.4718
161334,63.0477,46.8529,3.0386,0.2992,,idw,10,798.1905
372147,24.261,58.9742,1.9882,0.3632,,idw,1,213.4809
30052,38.1477,44.2691,2.157,0.2472,,idw,1,1367.2936
116397,27.8618,60.9576,2.1479,0.2393,,idw,1,1465.0357
22167,20.9454,32.9098,1.3564,0.2508,,idw,1,1324.8168
238115,35.6397,59.5061,2.3781,0.2087,,idw,1,1875.1892
149689,18.0121,52.3942,1.6483,0.2585,,idw,1,1234.3049
300318,33.1358,29.4582,1.6937,0.1671,,idw,1,2542.5216
