cell_id,x,y,pm25_ugm3,no2_ugm3,exposure_index,nearest_station_m,estimation_source,confidence_score
186,704450.0,9294350.0,17.2188,25.8029,1.09,4155.7741,idw,0.0976
1025,688150.0,9294650.0,24.4126,27.8438,1.3706,11792.1216,idw,0.0077
1116,697250.0,9294650.0,20.0421,24.7469,1.163,6027.2398,idw,0.0523
1384,690650.0,9294750.0,24.5015,26.9973,1.3567,10256.713,idw,0.0128
2372,689250.0,9295050.0,24.4306,27.4452,1.3633,10788.5702,idw,0.0107
2436,695650.0,9295050.0,20.1666,25.0708,1.1736,6906.9692,idw,0.039
2660,718050.0,9295050.0,23.9168,27.2213,1.3417,6897.1948,idw,0.0391
2724,691050.0,9295150.0,24.5094,26.7793,1.3526,9710.7843,idw,0.0153
2787,697350.0,9295150.0,20.186,24.48,1.1625,5584.6389,idw,0.0606
4975,715750.0,9295750.0,24.6189,24.4113,1.3089,4609.4174,idw,0.0839
5144,699250.0,9295850.0,20.3356,23.5959,1.1498,3800.427,idw,0.1099
7842,701850.0,9296650.0,20.8826,23.3844,1.1638,1430.3326,idw,0.2421
7924,710050.0,9296650.0,21.6569,22.0335,1.1626,2015.8901,idw,0.1992
8074,691650.0,9296750.0,24.4753,26.2142,1.3401,8026.498,idw,0.0269
8620,712850.0,9296850.0,26.3123,20.4795,1.2867,1924.1874,idw,0.2054
8768,694250.0,9296950.0,24.0694,24.8903,1.3001,6842.9154,idw,0.0399
8936,711050.0,9296950.0,24.8525,20.6251,1.2409,1833.1024,idw,0.2117
10182,702050.0,9297350.0,22.7384,22.8637,1.2152,713.0001,idw,0.3075
10666,717050.0,9297450.0,24.7324,25.3995,1.3324,5028.9594,idw,0.073
11098,693450.0,9297650.0,24.6334,25.0484,1.3221,6413.4249,idw,0.046
11643,714550.0,9297750.0,26.2922,21.5579,1.3076,2547.7501,idw,0.1668
11687,718950.0,9297750.0,24.2376,27.8516,1.365,6843.3015,idw,0.0398
13290,712250.0,9298250.0,29.9094,18.8576,1.3741,407.2573,idw,0.3405
13881,704550.0,9298450.0,13.4382,24.7793,0.9435,1422.2944,idw,0.2428
14430,692650.0,9298650.0,24.3713,25.2233,1.3168,5884.8553,idw,0.0548
14902,706450.0,9298750.0,12.8013,25.7316,0.9413,959.6093,idw,0.2832
15199,702750.0,9298850.0,19.5484,22.5984,1.1036,946.8393,idw,0.2844
15974,713450.0,9299050.0,27.9521,19.8717,1.3292,1345.3726,idw,0.2491
16203,702950.0,9299150.0,17.4929,22.8301,1.0397,934.5224,idw,0.2856
16886,704450.0,9299350.0,10.4778,24.8884,0.847,664.2557,idw,0.3125
17113,693750.0,9299450.0,24.4169,24.1814,1.2975,4645.5644,idw,0.0829
17840,699650.0,9299650.0,22.0959,21.8505,1.1735,1509.3786,idw,0.2358
18092,691450.0,9299750.0,24.6935,25.8281,1.3397,5827.5332,idw,0.0559
19204,702450.0,9300050.0,16.0634,22.5428,0.9863,107.559,idw,0.3763
19754,690650.0,9300250.0,24.4938,26.3257,1.343,6162.0902,idw,0.05
20034,718650.0,9300250.0,22.7229,28.4101,1.3256,6678.9147,idw,0.0421
20531,701550.0,9300450.0,19.2952,22.1372,1.0859,1037.4081,idw,0.276
20847,699750.0,9300550.0,21.4149,21.7501,1.1488,1864.7417,idw,0.2095
20865,701550.0,9300550.0,19.0964,22.2304,1.0812,1089.8191,idw,0.2712
21089,690550.0,9300650.0,24.3581,26.3893,1.3397,6040.2693,idw,0.0521
21350,716650.0,9300650.0,24.5293,26.1643,1.3409,4910.4852,idw,0.0759
21789,693750.0,9300850.0,24.2778,23.6562,1.2824,3447.9678,idw,0.1236
23542,702050.0,9301350.0,16.2428,23.5538,1.0125,1464.514,idw,0.2394
23673,715150.0,9301350.0,24.6145,25.0571,1.3216,4025.2697,idw,0.1019
24948,709050.0,9301750.0,20.5047,25.6598,1.1967,1714.9482,idw,0.2202
25064,687250.0,9301850.0,23.1535,28.0568,1.3329,8625.9574,idw,0.022
25283,709150.0,9301850.0,20.7534,25.6079,1.2039,1741.138,idw,0.2183
25767,690750.0,9302050.0,23.1452,26.3576,1.2987,5299.6543,idw,0.0667
27024,716250.0,9302350.0,22.8823,27.3948,1.3106,5460.0641,idw,0.0632
27084,688850.0,9302450.0,23.0193,27.4647,1.3166,6969.4634,idw,0.0382
27116,692050.0,9302450.0,24.2546,25.3878,1.3162,3939.5076,idw,0.1049
27651,712150.0,9302550.0,26.3542,24.484,1.3682,1373.4983,idw,0.2467
27806,694250.0,9302650.0,21.734,22.7076,1.1786,1836.301,idw,0.2115
29021,715550.0,9302950.0,22.9356,27.283,1.3102,4605.0344,idw,0.084
29130,693050.0,9303050.0,23.3249,24.4889,1.2673,2820.8184,idw,0.1523
29167,696750.0,9303050.0,26.2493,17.9665,1.2343,1091.331,idw,0.2711
30855,698550.0,9303550.0,35.3124,17.3343,1.5238,724.0429,idw,0.3064
30918,704850.0,9303550.0,35.207,31.1744,1.7971,687.6116,idw,0.3101
31641,710350.0,9303750.0,28.1998,24.0373,1.4207,939.6296,idw,0.2851
32418,687850.0,9304050.0,22.5422,29.1567,1.3345,7079.3563,idw,0.0368
33122,691450.0,9304250.0,22.2605,26.4227,1.2705,3809.7532,idw,0.1095
34960,708250.0,9304750.0,17.405,29.2866,1.1659,228.2375,idw,0.3614
35619,707350.0,9304950.0,11.9318,32.1388,1.0405,893.9642,idw,0.2895
36614,706650.0,9305250.0,8.0269,34.4714,0.957,493.3959,idw,0.3309
39471,691750.0,9306150.0,21.5424,27.8004,1.2741,2744.3921,idw,0.1562
39524,697050.0,9306150.0,27.3872,24.7523,1.408,1617.4911,idw,0.2275
40066,717850.0,9306250.0,15.7346,33.8472,1.2014,5154.9229,idw,0.07
40155,693350.0,9306350.0,21.4986,27.3723,1.2641,1134.3585,idw,0.2672
41080,719050.0,9306550.0,15.0127,35.2109,1.2046,5681.3269,idw,0.0587
41422,686450.0,9306750.0,22.4463,29.4896,1.338,6964.0798,idw,0.0383
41674,711650.0,9306750.0,16.7126,28.7197,1.1315,1917.6987,idw,0.2058
41768,687650.0,9306850.0,22.2613,29.0521,1.3231,6222.0173,idw,0.049
41925,703350.0,9306850.0,15.7134,41.2411,1.3486,180.5601,idw,0.3672
42540,698050.0,9307050.0,34.4357,29.3031,1.7339,1324.1643,idw,0.2508
44081,718550.0,9307450.0,14.1639,36.2264,1.1967,4699.9838,idw,0.0814
44911,701350.0,9307750.0,26.912,41.63,1.7297,1144.1264,idw,0.2663
44915,701750.0,9307750.0,22.3328,42.4185,1.5928,1372.9826,idw,0.2468
45187,695550.0,9307850.0,20.5192,29.5626,1.2752,675.6967,idw,0.3113
46058,715850.0,9308050.0,11.7051,35.601,1.1022,2645.9975,idw,0.1614
47051,714950.0,9308350.0,10.2829,35.7643,1.0581,1944.8823,idw,0.2039
47794,689050.0,9308650.0,21.6433,27.7854,1.2772,3984.2245,idw,0.1033
48598,702650.0,9308850.0,19.3832,47.3366,1.5928,1377.9793,idw,0.2464
48701,712950.0,9308850.0,9.975,36.6565,1.0656,841.884,idw,0.2946
49251,701150.0,9309050.0,36.8441,48.2081,2.1923,425.8554,idw,0.3384
50832,692250.0,9309550.0,21.7844,25.1478,1.2291,2492.9121,idw,0.1699
50836,692650.0,9309550.0,22.5935,25.1375,1.2559,2092.9125,idw,0.1941
51074,716450.0,9309550.0,11.4075,40.5713,1.1917,1744.8464,idw,0.218
51208,696450.0,9309650.0,32.1121,33.1301,1.733,866.0347,idw,0.2922
52438,685850.0,9310050.0,25.8939,28.9994,1.4431,5314.7351,idw,0.0663
52677,709750.0,9310050.0,15.3679,44.1956,1.3962,764.8547,idw,0.3022
52824,691050.0,9310150.0,20.1756,24.6602,1.1657,2173.7726,idw,0.189
52895,698150.0,9310150.0,40.2204,42.3203,2.1871,719.5294,idw,0.3068
53043,712950.0,9310150.0,8.2874,42.3597,1.1234,933.8268,idw,0.2857
53385,713750.0,9310250.0,1.6433,42.3818,0.9024,308.1154,idw,0.3519
53453,687150.0,9310350.0,24.4255,28.1159,1.3765,4018.8941,idw,0.1022
54106,719050.0,9310450.0,10.5509,42.4339,1.2004,4020.0185,idw,0.1021
54427,717750.0,9310550.0,10.5935,42.6429,1.206,2718.3854,idw,0.1576
54439,718950.0,9310550.0,10.5637,42.5787,1.2037,3918.3705,idw,0.1056
54448,686450.0,9310650.0,23.5153,28.4852,1.3535,4527.1092,idw,0.0862
55404,715250.0,9310850.0,12.6664,43.64,1.295,358.0114,idw,0.3461
56034,711450.0,9311050.0,9.0669,46.2491,1.2272,460.6138,idw,0.3345
56083,716350.0,9311050.0,11.2066,43.7956,1.2495,1404.2805,idw,0.2442
57521,693150.0,9311550.0,25.1019,17.8905,1.1945,2152.8178,idw,0.1903
59244,698450.0,9312050.0,39.9609,53.5263,2.4026,1173.4679,idw,0.2637
59594,700050.0,9312150.0,37.3797,69.7678,2.6413,1403.25,idw,0.2443
59926,699850.0,9312250.0,37.5965,69.2208,2.6376,1364.4987,idw,0.2475
60327,706550.0,9312350.0,17.1748,53.7339,1.6472,1411.943,idw,0.2436
60373,711150.0,9312350.0,11.9237,50.3237,1.4039,1605.3421,idw,0.2284
61111,718150.0,9312550.0,8.9496,45.3748,1.2058,3695.8352,idw,0.1138
62056,712450.0,9312850.0,11.8681,50.4474,1.4046,2325.2032,idw,0.1797
62133,686750.0,9312950.0,27.8412,28.8623,1.5053,3974.6704,idw,0.1037
62843,690950.0,9313150.0,17.9729,21.1998,1.0231,904.3741,idw,0.2885
64256,698650.0,9313550.0,35.3073,64.2231,2.4614,1568.9065,idw,0.2312
64455,718550.0,9313550.0,9.0586,45.9772,1.2215,3052.4452,idw,0.141
64768,716450.0,9313650.0,10.8401,47.9089,1.3195,2542.9313,idw,0.1671
65947,700750.0,9314050.0,33.5247,97.9536,3.0766,272.4807,idw,0.3561
65970,703050.0,9314050.0,24.2505,92.9243,2.6668,1490.9785,idw,0.2373
66075,713550.0,9314050.0,13.6188,52.084,1.4956,2829.5812,idw,0.1519
66144,687050.0,9314150.0,30.7255,28.3811,1.5918,4069.3695,idw,0.1005
66517,690950.0,9314250.0,25.423,21.9718,1.2869,1979.7515,idw,0.2016
66938,699650.0,9314350.0,32.0312,84.9838,2.7674,1068.0327,idw,0.2732
67644,703450.0,9314550.0,19.9264,90.7818,2.4798,904.2271,idw,0.2885
68107,716350.0,9314650.0,12.8007,48.8947,1.4046,1607.9079,idw,0.2282
71184,690050.0,9315650.0,33.3997,25.8511,1.6303,2936.0964,idw,0.1466
71699,708150.0,9315750.0,28.2654,60.4666,2.1515,1160.9513,idw,0.2648
71705,708750.0,9315750.0,28.5984,59.8831,2.1509,949.9374,idw,0.2841
71816,686450.0,9315850.0,35.1621,28.6092,1.7443,4309.9395,idw,0.0927
72205,691950.0,9315950.0,30.0675,23.7075,1.4764,3087.6959,idw,0.1393
72655,703550.0,9316050.0,16.2075,86.8587,2.2774,604.9289,idw,0.3188
72983,702950.0,9316150.0,18.3139,91.842,2.4473,941.5633,idw,0.2849
73316,702850.0,9316250.0,19.0964,91.7591,2.4717,1082.7645,idw,0.2718
73536,691450.0,9316350.0,32.6239,25.4167,1.5958,2683.2638,idw,0.1594
73856,690050.0,9316450.0,36.0763,26.2718,1.728,2136.5575,idw,0.1913
74162,687250.0,9316550.0,37.273,27.8122,1.7987,3301.5818,idw,0.1298
74393,710350.0,9316550.0,22.0979,61.3198,1.963,1206.04,idw,0.2609
74722,709850.0,9316650.0,25.9071,61.3981,2.0915,1029.896,idw,0.2767
74730,710650.0,9316650.0,20.1493,61.586,1.9034,957.0356,idw,0.2835
75555,692950.0,9316950.0,27.0096,26.2649,1.4256,2286.333,idw,0.182
76055,709550.0,9317050.0,28.0691,62.0373,2.1764,809.6829,idw,0.2977
76954,699250.0,9317350.0,24.9316,69.2871,2.2168,988.1014,idw,0.2806
77483,718750.0,9317450.0,5.3733,43.7438,1.054,926.5936,idw,0.2864
77501,687150.0,9317550.0,39.8212,27.7006,1.8814,2523.2569,idw,0.1682
77523,689350.0,9317550.0,40.0462,26.1447,1.8578,1203.8054,idw,0.2611
78358,706050.0,9317750.0,34.9289,63.7789,2.4399,684.2785,idw,0.3105
78429,713150.0,9317750.0,22.2693,60.4122,1.9506,1775.439,idw,0.2158
78963,699750.0,9317950.0,20.3098,68.8814,2.0546,258.8738,idw,0.3578
81553,691550.0,9318750.0,36.8441,26.8357,1.7648,1593.5982,idw,0.2293
82967,699350.0,9319150.0,28.5614,59.5635,2.1433,1125.1306,idw,0.268
83058,708450.0,9319150.0,17.482,62.2798,1.8283,319.3837,idw,0.3506
83258,695050.0,9319250.0,18.5396,37.372,1.3654,1140.4141,idw,0.2667
83403,709550.0,9319250.0,27.7456,64.854,2.2219,1410.318,idw,0.2437
83944,696850.0,9319450.0,17.9459,46.4167,1.5265,732.9308,idw,0.3055
84240,693050.0,9319550.0,27.0843,30.6867,1.5165,2790.3114,idw,0.1539
84295,698550.0,9319550.0,17.2062,54.8208,1.67,1208.8227,idw,0.2607
84921,694350.0,9319750.0,17.6551,35.2209,1.2929,1783.5405,idw,0.2152
85049,707150.0,9319750.0,20.7295,59.1503,1.874,1119.8467,idw,0.2685
85811,716550.0,9319950.0,11.6483,41.0056,1.2084,372.2321,idw,0.3445
86218,690450.0,9320150.0,45.0492,26.9316,2.0403,501.3452,idw,0.33
87690,704050.0,9320550.0,30.9981,51.6934,2.0671,2337.7817,idw,0.1789
87837,718750.0,9320550.0,13.6263,38.682,1.2278,1088.1558,idw,0.2714
89817,716350.0,9321150.0,8.973,40.2367,1.1038,436.7077,idw,0.3372
90138,715050.0,9321250.0,11.5063,46.7967,1.3195,1208.0438,idw,0.2607
90705,704950.0,9321450.0,33.2233,49.4455,2.0964,1365.7608,idw,0.2474
90770,711450.0,9321450.0,21.2653,62.8222,1.9653,928.6854,idw,0.2862
90951,696150.0,9321550.0,11.0077,43.9083,1.2451,745.7187,idw,0.3042
91908,691650.0,9321850.0,33.4715,31.278,1.7413,1547.1582,idw,0.2329
92149,715750.0,9321850.0,11.0462,42.8711,1.2256,1162.7609,idw,0.2647
92675,701550.0,9322050.0,42.5259,47.8946,2.3754,1065.3833,idw,0.2734
93540,687850.0,9322350.0,28.164,30.4848,1.5485,1182.0921,idw,0.263
94471,714150.0,9322550.0,14.4825,50.8889,1.5005,1904.2959,idw,0.2067
94965,696750.0,9322750.0,15.4639,45.6727,1.4289,1284.9872,idw,0.2541
96242,690850.0,9323150.0,27.9401,32.7204,1.5857,1054.2696,idw,0.2744
96747,707950.0,9323250.0,41.3591,54.4871,2.4684,1139.439,idw,0.2668
97674,700450.0,9323550.0,33.3548,48.0477,2.0728,2010.2688,idw,0.1995
98061,705750.0,9323650.0,43.2325,48.7226,2.4155,1053.4177,idw,0.2745
98219,688150.0,9323750.0,23.918,32.4927,1.4471,1399.5608,idw,0.2446
99014,700850.0,9323950.0,33.4538,47.5708,2.0665,2415.6172,idw,0.1743
99537,686350.0,9324150.0,24.8318,33.2303,1.4923,2079.9088,idw,0.195
100213,687150.0,9324350.0,21.6989,33.3446,1.3902,1299.1271,idw,0.2529
100585,690950.0,9324450.0,26.9266,35.4704,1.607,2250.2513,idw,0.1842
100668,699250.0,9324450.0,27.7937,48.0729,1.8879,2341.922,idw,0.1787
101017,700750.0,9324550.0,32.282,47.664,2.0293,3006.993,idw,0.1431
102503,715750.0,9324950.0,46.8534,46.3793,2.4894,1448.3675,idw,0.2407
102530,718450.0,9324950.0,42.5823,43.2138,2.2837,1731.82,idw,0.219
102920,690650.0,9325150.0,25.4079,36.2671,1.5723,2475.9076,idw,0.1709
103554,687250.0,9325350.0,19.0797,34.5639,1.3273,945.6246,idw,0.2846
103762,708050.0,9325350.0,39.7487,52.4761,2.3745,2017.7469,idw,0.1991
104155,713950.0,9325450.0,31.9053,50.292,2.0694,3001.8793,idw,0.1434
104721,703750.0,9325650.0,39.4566,47.5866,2.267,2765.2352,idw,0.1552
105746,706050.0,9325950.0,39.1887,49.8382,2.3031,3371.0179,idw,0.1268
105968,694850.0,9326050.0,18.0499,42.9677,1.461,4754.8009,idw,0.0799
106310,695650.0,9326150.0,21.2819,44.187,1.5931,4839.1714,idw,0.0777
106820,713250.0,9326250.0,31.8378,51.0961,2.0832,3650.7316,idw,0.1155
106986,696450.0,9326350.0,21.9617,45.2974,1.638,4757.6758,idw,0.0799
106997,697550.0,9326350.0,23.9818,46.5217,1.7298,4341.8108,idw,0.0917
107256,690050.0,9326450.0,23.3535,37.5334,1.5291,2282.6981,idw,0.1822
107624,693450.0,9326550.0,22.3724,41.2773,1.5713,5333.9471,idw,0.0659
107843,715350.0,9326550.0,48.6722,48.2683,2.5878,1757.9852,idw,0.2171
109343,698350.0,9327050.0,25.084,47.1144,1.7784,4895.187,idw,0.0763
109923,689550.0,9327250.0,23.1708,38.1217,1.5348,2511.1427,idw,0.1689
