station_id,kode,lon,lat,pollutant,value,n_readings
2d554554-7567-4ac1-ab87-536260d2ba79,DKI1,106.823,-6.195,no2,106.49,2
2420af88-7961-41aa-9d16-090da63e4ef7,DKI2,106.908,-6.154,no2,67.21,2
61246172-d1ec-4e25-8c96-ddf74f967dc5,DKI3,106.818,-6.336,no2,21.485,2
a188c80b-8233-41e1-9239-9f7143acbab8,DKI4,106.909,-6.291,no2,23.405,2
e0aa6e66-90b9-478b-b7e4-bc4a35646b32,DKI5,106.753,-6.207,no2,10.815,2
6bafe2cf-c558-4b54-907b-34c9430edaf0,DKJ32,106.838,-6.122,no2,44.855,2
2879eea5-cadb-4392-ac09-62ca585b75d6,DKJ33,106.789,-6.301,no2,16.71,2
84b864cd-fb40-4f95-a347-2e854857177a,DKJ34,106.918,-6.342,no2,18.75,2
022441fc-0402-4b51-af62-ba5c8e4fa37f,DKJ35,106.717,-6.162,no2,25.74,2
8dea5257-ec1b-4d25-8d3f-b5024e330b40,DKJ36,106.853,-6.24,no2,46.65,2
802a2208-80d3-464e-8e0c-dd2770fa35ab,DKJ37,106.968,-6.138,no2,37.95,2
d0d713ca-1e2d-430c-980a-7c288f7f5210,BAM02,106.791,-6.244,pm25,42.3,1
2d554554-7567-4ac1-ab87-536260d2ba79,DKI1,106.823,-6.195,pm25,41.745,2
9d75e672-3aa7-4d11-bbed-c4f4ae8b34cf,DKI100,106.957,-6.144,pm25,8.7,1
0287f192-2054-44eb-a226-f22ff568b82e,DKI101,106.97,-6.176,pm25,2.367,1
e1f0d84b-bdb6-4538-8696-df7cd483154a,DKI102,106.955,-6.152,pm25,14.833,1
c031bd5c-329e-4798-a76e-23471f86b09c,DKI103,106.971,-6.153,pm25,0.31,1
6f041190-f963-4b8b-8cfc-ae979a8dc94a,DKI104,106.963,-6.165,pm25,7.767,1
38146348-8e39-48fd-9b80-9a07270976ce,DKI105,106.969,-6.159,pm25,4.4,1
2420af88-7961-41aa-9d16-090da63e4ef7,DKI2,106.908,-6.154,pm25,34.485,2
61246172-d1ec-4e25-8c96-ddf74f967dc5,DKI3,106.818,-6.336,pm25,25.535,2
a188c80b-8233-41e1-9239-9f7143acbab8,DKI4,106.909,-6.291,pm25,35.5,2
e0aa6e66-90b9-478b-b7e4-bc4a35646b32,DKI5,106.753,-6.207,pm25,39.71,2
f5144af4-3ea5-4479-a2df-fd87262ae311,DKI98,106.968,-6.138,pm25,4.897,1
6a6f0ec4-7742-46ed-91d9-7bc94e6d8c18,DKI99,106.953,-6.141,pm25,6.862,1
19d87909-d7d0-445e-a086-057731bbbe30,DKI_CENDRAWASIH,106.721,-6.143,pm25,47.065,2
ec5ae1ac-e61a-4598-9c34-55d31b7c6961,DKI_CILANGKAP,106.902,-6.342,pm25,25.845,2
e755fa68-840c-4542-abf7-46eefb3d059b,DKI_CIRACAS,106.867,-6.325,pm25,13.745,2
3611712a-2eca-427d-a3fc-25e653fca2f0,DKI_GOMBOLPAYA,106.689,-6.135,pm25,23.84,2
7e380d05-b4f7-4efe-9ab9-a5a259e785a0,DKI_MANGGALABISMA,106.868,-6.128,pm25,48.435,2
08bc1f24-cf3b-4d6c-99a2-6393c0b11f4f,DKI_PENJARINGAN,106.796,-6.129,pm25,39.88,2
e88dcdc2-4211-4229-8a46-1e7b193f3d42,DKI_PM25_12,106.776,-6.16,pm25,16.005,2
115a3436-2ca4-4697-a8eb-06975fcef75a,DKI_PM25_13,106.921,-6.136,pm25,15.975,2
cc0c1c0b-f16c-45a5-a707-aec6eda7a450,DKI_PM25_14,106.758,-6.27,pm25,20.23,2
ba324a83-d5f1-4e33-8112-be45892f46a7,DKI_PM25_15,106.883,-6.288,pm25,18.17,2
b6163f52-c25d-4cd5-99cc-8da8900c55af,DKI_PM25_16,106.918,-6.124,pm25,18.835,2
2c0d984d-0f4a-4f8a-8564-ddd78fd76b34,DKI_PM25_17,106.851,-6.274,pm25,12.355,2
5d0e04d6-66b3-48e9-be13-81b16af54d45,DKI_PM25_18,106.961,-6.183,pm25,20.285,2
0801e8e7-5b99-4546-bf4b-478d0e26fc03,DKI_PM25_20,106.837,-6.269,pm25,16.075,2
45110315-0376-4e97-9588-b4baf0ef1763,DKI_PM25_21,106.889,-6.116,pm25,67.355,2
b24e4361-bcc4-4014-849f-c1909ab68a70,DKI_PM25_22,106.764,-6.137,pm25,18.46,2
cc38c761-d5c1-4400-855d-e6ea0c66279a,DKI_PM25_23,106.867,-6.139,pm25,1.22,2
6da19e57-b64d-4781-9280-a9a20e2e843f,DKI_PM25_24,106.905,-6.199,pm25,12.725,2
f0fb0579-7606-494e-9265-7b61255df34d,DKI_PM25_26,106.83,-6.348,pm25,24.38,2
d24e6893-5831-4b42-ba0d-0c29d817b46b,DKI_PM25_28,106.908,-6.232,pm25,6.905,2
9ce99524-9672-46e7-8982-b9df21e53d52,DKI_PM25_30,106.843,-6.255,pm25,13.95,2
ddac0d7d-5b55-4371-b1c5-3d7b64473d0f,DKI_PM25_31,106.911,-6.242,pm25,27.875,2
e0bfb6af-c9d6-40bb-94c4-68589b7a44bf,DKI_PM25_32,106.83,-6.33,pm25,16.02,2
2ba31004-09fd-4806-874e-b20eb28f2bbc,DKI_PM25_34,106.779,-6.136,pm25,2.06,2
b6c91758-b760-42d4-a16c-22bed5a4597d,DKI_PM25_35,106.868,-6.196,pm25,15.95,2
5c00fad4-ccdc-48c3-b897-1dd426635203,DKI_PM25_36,106.874,-6.345,pm25,13.06,2
5c6cfb14-61e6-4794-a7d7-a0003d44969d,DKI_PM25_37,106.863,-6.175,pm25,57.965,2
576c96d1-07d3-459b-814b-824361ad96fe,DKI_PM25_38,106.84,-6.19,pm25,12.265,2
fb382107-366e-4c3e-9693-5d8b2d5e54e5,DKI_PM25_39,106.943,-6.234,pm25,13.173,3
43384e3b-44e3-4800-8b22-622b329719d8,DKI_PM25_41,106.893,-6.12,pm25,7.07,2
4c663e14-ddf6-4212-81b7-b9db9f9dc83c,DKI_PM25_42,106.87,-6.258,pm25,19.225,2
f54ebf4f-77fd-4690-88ac-3d14a256d8dc,DKI_PM25_43,106.814,-6.2,pm25,33.735,2
53fde217-ffa0-4213-a671-95dbb4be6c67,DKI_PM25_44,106.79,-6.143,pm25,7.845,2
d1e88427-b908-4d72-b4cf-90901731d1be,DKI_PM25_45,106.842,-6.262,pm25,10.99,2
35a9757b-1bb9-468b-8354-a61c6280f5ca,DKI_PM25_46,106.86,-6.181,pm25,16.09,2
542cbe5e-859d-434f-8fed-e67fcf9cd50c,DKI_PM25_47,106.857,-6.301,pm25,46.825,2
5c375f43-82cd-479f-bfc6-2c6567653095,DKI_PM25_48,106.77,-6.297,pm25,15.945,2
219dd54c-4129-40b3-b5c6-80f042dd88f9,DKI_PM25_49,106.855,-6.17,pm25,15.93,2
ccb9546d-47b3-4264-86c0-10f2b43974a9,DKI_PM25_50,106.835,-6.226,pm25,24.115,2
edb97c37-f43f-4964-a762-903fe8df3044,DKI_PM25_51,106.864,-6.283,pm25,5.255,2
738500d3-df50-40ab-97bb-b8da394aac53,DKI_PM25_52,106.875,-6.317,pm25,10.28,2
fa0f58e6-5243-4d6f-acc5-03bb9ffdf698,DKI_PM25_53,106.76,-6.244,pm25,15.985,2
7ed27231-325b-498f-99c4-4886359e4306,DKI_PM25_54,106.852,-6.331,pm25,8.48,2
493b612d-8277-47b6-9727-3854f13d5f48,DKI_PM25_55,106.809,-6.163,pm25,43.695,2
3029cf23-cfec-4917-86f4-0afb1c3fe70a,DKI_PM25_56,106.922,-6.151,pm25,18.265,2
4aba46b6-6337-4b59-87e6-2c8f2934a043,DKI_PM25_57,106.905,-6.307,pm25,25.817,3
487c98af-c775-4cad-b541-95c33ad4371f,DKI_PM25_58,106.763,-6.184,pm25,6.98,2
3ef766cc-2918-4f12-8e7e-94e828c3f519,DKI_PM25_59,106.719,-6.128,pm25,25.055,2
570b6df8-7785-4720-8ca6-d544eb3df355,DKI_PM25_60,106.776,-6.172,pm25,36.945,2
6110e49c-2f9c-403d-bdbe-8bf98475f151,DKI_PM25_61,106.851,-6.32,pm25,6.565,2
23ace949-02d5-4000-a5e5-2e3dc130d704,DKI_PM25_62,106.723,-6.219,pm25,14.59,2
5609315d-61fb-4269-a5cd-f01ac8cf8a70,DKI_PM25_63,106.88,-6.279,pm25,5.3,2
015724e5-cea6-464c-9c8a-4982a8567a79,DKI_PM25_64,106.795,-6.193,pm25,42.76,2
dee5c8b6-14bc-4f55-ab96-1c64737aa5cd,DKI_PM25_65,106.85,-6.203,pm25,27.56,2
eab670ce-1319-45ee-aea0-4d11ee0de227,DKI_PM25_66,106.831,-6.273,pm25,12.855,2
09953843-9c1e-4950-98d7-0eaa5b191061,DKI_PM25_67,106.918,-6.14,pm25,16.045,2
d805f864-70e7-4f19-bfd1-6e42786d1ad7,DKI_PM25_69,106.787,-6.167,pm25,24.5,2
46cebc3e-fcc7-49fe-955f-ec2448c33c71,DKI_PM25_71,106.81,-6.187,pm25,7.93,2
0d12b23f-2986-4974-9d88-53e1ec616962,DKI_PM25_72,106.889,-6.237,pm25,15.995,2
759fafcc-8b5e-4b10-a0ba-ce49ba2e6bfd,DKI_PM25_74,106.796,-6.134,pm25,16.02,2
fe9918dc-4492-4a43-b28e-b57a53b79bc2,DKI_PM25_75,106.83,-6.16,pm25,16.375,2
0ce85903-2c94-491f-9d3d-a22b25e92386,DKI_PM25_76,106.77,-6.264,pm25,15.78,2
cbd6c191-2c82-4eec-b29f-0a90f6082fc6,DKI_PM25_77,106.772,-6.153,pm25,19.895,2
19309ede-b9bd-4bd9-902f-b8535f2d82d9,DKI_PM25_78,106.881,-6.156,pm25,16.075,2
81676dc9-cf43-42ae-808c-c127f438d841,DKI_PM25_79,106.855,-6.193,pm25,9.795,2
31c9bb04-39b0-4b7b-a5ef-b6609f4741f9,DKI_PM25_80,106.7,-6.103,pm25,16.665,2
928156b8-b6d2-4097-b57f-2c0ea6102e67,DKI_PM25_81,106.956,-6.157,pm25,5.84,2
839ecba9-6e30-4266-b272-a1dcd1ea2d2f,DKI_PM25_82,106.911,-6.175,pm25,16.025,2
93ba95c3-d8e4-48ff-bae0-21510ae9aa90,DKI_PM25_83,106.908,-6.171,pm25,16.09,2
c27e2ffc-23b0-4a81-a84b-d4c9525f116a,DKI_PM25_84,106.808,-6.167,pm25,16.535,2
69dec38f-8fb8-467d-9701-4fe488e378dc,DKI_PM25_85,106.777,-6.25,pm25,34.695,2
ec0361ad-1f30-4934-8fd5-1ddfb52605c7,DKI_PM25_86,106.875,-6.228,pm25,15.595,2
c668593f-4fc4-469b-8efb-669f7a5c0c26,DKI_PM25_87,106.933,-6.239,pm25,0.265,2
bd4ad116-78d8-457a-88fd-d9aef7f00a6d,DKI_PM25_88,106.917,-6.252,pm25,8.08,2
80071522-f32d-4eeb-99d0-126f83979d56,DKI_PULOMAS,106.887,-6.178,pm25,32.225,2
998c53c2-b5b4-48e8-8221-7568cee4f36b,DKI_RAGUNAN,106.829,-6.304,pm25,8.495,2
6bafe2cf-c558-4b54-907b-34c9430edaf0,DKJ32,106.838,-6.122,pm25,35.525,2
2879eea5-cadb-4392-ac09-62ca585b75d6,DKJ33,106.789,-6.301,pm25,38.6,2
84b864cd-fb40-4f95-a347-2e854857177a,DKJ34,106.918,-6.342,pm25,30.415,2
022441fc-0402-4b51-af62-ba5c8e4fa37f,DKJ35,106.717,-6.162,pm25,38.72,2
802a2208-80d3-464e-8e0c-dd2770fa35ab,DKJ37,106.968,-6.138,pm25,38.385,2
42b53155-7cfe-4543-aec2-5832c886d36f,LCS-01,106.8,-6.229,pm25,42.93,1
7d5d927f-e760-476c-bb20-a45d6480b98c,LCS-02,106.876,-6.174,pm25,34.79,1
a67fb637-93c1-4e90-bd72-d920b37ba41e,LCS-04,106.798,-6.275,pm25,41.37,1
ce16cdce-c176-4c48-b244-89fdcf30c2d7,LCS-05,106.813,-6.135,pm25,53.41,1
caaa1a3e-5d7d-405b-af84-1a6ca0f29ac7,LCS-06,106.815,-6.25,pm25,38.69,1
25e97534-6bbe-40ac-a340-8dd4fcf9ed5f,LCS-08,106.706,-6.154,pm25,53.9,1
730cae5b-25db-42e0-9150-e3f0abc23e3c,LCS-10,106.91,-6.154,pm25,50.17,1
8bc0eb43-1ca6-4d63-961e-826ac20ae2d7,LCS-12,106.859,-6.125,pm25,49.86,1
cf30c73e-7b48-4bff-a7d9-70b738a4d607,LCS-26,106.96,-6.096,pm25,69.59,1
