edge_id,cell_id,length_m,pm25_ugm3,no2_ugm3,confidence_score
44451,95595,26.489193123609812,26.236224939792113,36.132271466608294,0.1534934747401679
44451,95596,104.66685546869108,23.514528252473678,36.353593355160264,0.15766072124212646
44451,95597,101.73944390860188,23.133863972752046,36.578948612134624,0.1618686283242835
44451,95598,100.28586674874461,22.169618416930398,36.80817008519397,0.166107579875805
44451,95599,100.06214800689786,21.86054284802633,37.04108552390639,0.17036638606407115
44451,95600,100.06214800689786,21.514722765063215,37.27751782343261,0.17463211260697262
44451,95601,100.06111335840951,21.180017123339816,37.517285243786525,0.17888990643275365
44451,95602,100.05757698725536,20.857415555681364,37.76020160390277,0.18312282411001712
44451,95603,100.05757698725536,20.547625147386178,38.00607645023648,0.18731167223836762
44451,95604,98.61630014243907,20.25107782656968,38.25471520008777,0.19143487245767773
44451,95927,65.54116153414816,26.9039141957399,35.86968027179157,0.16033415820879654
44451,95928,108.7899048915881,26.548121354038347,36.07959786499646,0.1552603052151747
44451,95929,81.34334098424947,26.174662957862456,36.2937485022965,0.150464230237799
44451,96259,101.9075765178986,27.433786704134313,35.633925520123945,0.16919571103783845
44451,96260,108.78990489158807,27.13456125065977,35.832339068908354,0.16393449329956614
44451,96261,43.248743357439935,26.81356372252678,36.035150741110925,0.15881685540256724
44451,96590,26.892139234297915,28.035402974575064,34.88882030862123,0.18347079621034842
44451,96591,109.06115619308889,27.82277996127863,35.068236293327345,0.1779411499169145
44451,96592,108.87557533483108,27.583829935657246,35.61136694821226,0.17254121459980143
44451,96593,6.882328373689495,27.320253403516013,35.802783198059544,0.16727324245722783
44451,96922,14.469234508738756,28.432302478754732,34.71604551541136,0.19194712224140856
44451,96923,115.12453517774021,28.075940553867984,34.88409008510176,0.18637376170030484
44451,96924,83.18139974240786,27.897528405007222,35.05684376614718,0.18090501029772155
44451,97255,58.3394342724052,28.38201909552188,34.72414705612761,0.19424945621641132
44451,97256,108.39761885224443,28.288893142737535,34.88574740447965,0.18880674903688813
44451,97588,68.55331989771076,28.31033292084829,34.738078805226735,0.19598476445425697
44451,97589,74.30873904341053,28.242487053370667,34.893420151842946,0.19072196304828148
44451,97921,57.18799706599717,28.220910024728607,34.75746721691839,0.19711408304813743
44451,97922,78.02869414159251,28.174890415616876,34.90673983686962,0.1920794607191842
44451,98254,41.02209406216994,28.1162596436625,34.78194569149721,0.19761102656754267
44451,98255,93.00462892087143,28.089086814214873,35.296643353728435,0.19284962701646527
44451,98587,24.856191058342738,27.9976342204529,34.811156251782485,0.1974637193415136
44451,98588,109.17053192469865,27.986983340905837,35.32436055966251,0.1930151610675624
44451,98920,8.690288054515502,27.865038432014483,34.844750970311786,0.19667569876279845
44451,98921,125.33643492852586,27.869367972272585,35.35684061362922,0.1925722961712566
44451,99254,134.09755109559538,27.73596124178198,35.39373749421232,0.19153107127376345
44451,99587,126.82583358608807,27.58555498946894,35.43471634950028,0.18991461208772634
44451,99588,7.308561899688984,27.604905269622744,35.56208059254801,0.18641777540490037
44451,99920,110.91871458950206,27.41622293750348,35.47945440548122,0.18775753162376468
44451,99921,23.215680896275014,27.451256632269654,35.601678191637774,0.18462647197257462
44451,100253,95.01159559291601,27.225583489046063,35.52764167035339,0.18510368281768413
44451,100254,39.12279989286107,27.27736227029614,35.64491833693412,0.1823401122147093
44451,100586,79.1044765963299,27.011094643239044,35.57898145105235,0.18200356167609838
44451,100587,55.029918889447124,27.081210011905984,35.69150205821188,0.17960184640488072
44451,100919,63.197357599743945,26.770363266403773,35.633190699319464,0.1785116602339339
44451,100920,70.93703788603318,26.860774981858498,35.74114335583582,0.1764599212850988
44451,101252,47.29023860315789,26.50145447282792,35.690000205061835,0.17468401701739925
44451,101253,86.84415688261913,26.61430100386601,35.79356948669382,0.17296540886310824
44451,101585,31.54891273716061,26.20318975521534,35.74915465469097,0.1705761323984272
44451,101586,102.67023267734737,26.3405784827201,35.84852111045755,0.16917015651101266
44451,101918,15.845041630076144,25.8754233738995,35.810412571674775,0.1698360941676153
44451,101919,118.3741588428867,26.039207793094363,35.90575231260812,0.16512507381259262
44451,102251,0.1411705229916461,25.519284723812184,35.87354615578897,0.1761603433903414
44451,102252,134.07802994997118,25.710836657219595,35.96503052018329,0.17040420982488058
44451,102585,134.21920047296285,25.357357507122057,36.02613632546265,0.1765290447301703
44451,102918,118.65649988887004,24.982047096176906,36.088863231881795,0.18263887931657047
44451,102919,15.56270058409282,25.206330560071372,36.17636370173645,0.1766512648766365
44451,103251,102.95262878178558,24.589627150247427,36.153017335415996,0.1886830725872672
44451,103252,31.266571691177287,24.84013752603183,36.23705197823706,0.1825035179586236
44451,103584,87.24875767470105,24.186223737409566,36.21841695355112,0.19460129629104128
44451,103585,46.97044279826169,24.461130435707478,36.299137083733235,0.1882492830883304
44451,103917,71.54488656761664,23.77920654111083,36.284892212805026,0.20032284942088943
44451,103918,62.67431390534622,24.075600679084538,36.36244384683404,0.193825502894106
44451,104250,58.75559925358624,23.376898997462185,36.35228460461189,0.20576647608248816
44451,104251,78.05061121597157,23.690821626877703,36.42680842196491,0.19915983564374992
44451,104584,31.030409403887337,23.314730669677978,36.49207785916374,0.20417108246100077
