grid_id,time_window_start,inference_time,x_utm,y_utm,in_study_bbox,geoscf_pm25_ugm3,geoscf_no2_ugm3,geoscf_age_h,s5p_no2_umol_m2,s5p_no2_precision_umol_m2,s5p_age_h,met_temperature_2m_c,met_relative_humidity_2m_pct,met_wind_speed_10m_ms,met_wind_u_10m_ms,met_wind_v_10m_ms,met_boundary_layer_height_m,met_precipitation_mm,met_surface_pressure_hpa,road_density_km_km2,road_major_density_km_km2,road_secondary_density_km_km2,road_local_density_km_km2,road_active_density_km_km2,road_walk_density_km_km2,intersection_density_per_km2,dist_arterial_m,dist_motorway_m,land_ndvi,land_ndbi,land_lst_c,land_ndvi_n_obs,land_ndbi_n_obs,land_lst_n_obs,act_ntl_nw_cm2_sr,act_ntl_n_obs,dist_nearest_sensor_m,geoscf_available,s5p_available,met_available,xroad_available,land_available,act_available,sensor_available
85300,2026-09-13 08:00:00+00:00,2026-09-13 09:00:00+00:00,707450.0,9311250.0,True,52.0,35.682487,24.0,26.64358,16.84537,0.6211281,35.0,35.0,3.9166667,-3.6565232,-1.4036078,1835.0,0.0,1007.0,68.17614,39.407757,10.397565,18.370817,0.0,42.666786,500.0,37.925102,24.777838,,,,0,0,0,54.433216,49,52.546364,True,True,True,True,False,True,True
27894,2026-09-13 09:00:00+00:00,2026-09-13 10:00:00+00:00,707350.0,9298350.0,True,52.0,35.682487,25.0,90.90259,26.806456,1.6218281,34.0,36.0,4.0,-3.5317903,-1.8778863,1420.0,0.0,1006.9,32.882584,0.0,14.195901,18.686682,0.0,32.882584,600.0,616.84564,1655.6647,0.21249518,0.09277998,,6,6,0,38.95378,44,41.82506,True,True,True,True,True,True,True
102188,2026-09-13 09:00:00+00:00,2026-09-13 10:00:00+00:00,705250.0,9315050.0,True,52.0,35.682487,25.0,41.363243,23.208334,1.6208947,34.0,36.0,4.0,-3.5317903,-1.8778863,1420.0,0.0,1006.9,25.923103,0.0,6.7322235,19.19088,0.0,22.196455,400.0,77.39028,2151.945,0.17727718,0.09970794,,1,1,0,53.68377,45,41.568993,True,True,True,True,True,True,True
67384,2026-09-13 11:00:00+00:00,2026-09-13 12:00:00+00:00,695850.0,9307250.0,True,52.0,35.682487,27.0,78.19967,23.741125,3.6213615,31.1,45.0,3.0555556,-2.5029645,-1.7525947,660.0,0.0,1008.2,19.276733,0.0,0.0,19.276733,0.0,0.0,200.0,442.3164,246.9518,0.49112996,-0.11884709,,1,1,0,45.26566,47,17.70786,True,True,True,True,True,True,True
130123,2026-09-13 19:00:00+00:00,2026-09-13 20:00:00+00:00,695250.0,9321350.0,True,28.5,31.632635,11.0,277.65674,151.60289,60.66543,27.1,76.0,0.8611111,-0.5061484,0.69665354,605.0,0.0,1010.2,2.499504,0.0,0.0,2.499504,0.0,2.499504,0.0,267.07928,1567.2894,0.1194212,0.163687,,3,3,0,42.00522,49,53.161633,True,True,True,True,True,True,True
136523,2026-09-13 23:00:00+00:00,2026-09-14 00:00:00+00:00,712250.0,9322750.0,True,31.125,7.333517,15.0,82.75206,43.11988,64.665665,25.5,78.0,0.8888889,-1.0885749e-16,0.8888889,85.0,0.0,1010.6,46.83253,0.0,0.0,46.83253,0.0,46.83253,800.0,279.87448,943.56537,0.2833211,-0.044056945,,1,1,0,52.212868,50,13.456453,True,True,True,True,True,True,True
95400,2026-09-14 01:00:00+00:00,2026-09-14 02:00:00+00:00,693950.0,9313550.0,True,28.5,31.632635,17.0,83.42711,25.64692,17.621128,29.3,59.0,0.7777778,-0.7634878,0.148407,1095.0,0.0,1012.1,25.071548,0.0,0.0,25.071548,0.0,0.0,200.0,618.9425,1312.5481,,,,0,0,0,48.22814,44,42.40073,True,True,True,True,False,True,True
105698,2026-09-14 01:00:00+00:00,2026-09-14 02:00:00+00:00,700250.0,9315850.0,True,28.5,31.632635,17.0,72.94485,26.39386,17.620895,29.3,59.0,0.7777778,-0.7634878,0.148407,1095.0,0.0,1012.1,36.93924,0.0,0.0,36.93924,0.0,36.93924,400.0,79.76195,1390.6268,0.22376435,-0.01556879,,1,1,0,75.5872,45,20.670206,True,True,True,True,True,True,True
78983,2026-09-14 02:00:00+00:00,2026-09-14 03:00:00+00:00,698750.0,9309850.0,True,28.5,31.632635,18.0,78.19967,23.741125,18.62136,31.5,46.0,2.8611112,-2.798589,0.59485847,1455.0,0.0,1012.3,40.65323,0.0,20.000395,20.652832,0.0,21.74587,400.0,81.49859,2781.2332,0.21137081,0.095805116,,1,1,0,94.315315,41,52.94233,True,True,True,True,True,True,True
99028,2026-09-14 06:00:00+00:00,2026-09-14 07:00:00+00:00,700750.0,9314350.0,True,28.5,31.632635,22.0,71.275116,22.974474,22.621128,36.7,27.0,4.4444447,-4.0911326,-1.7365828,2400.0,0.0,1008.3,22.389236,0.0,0.0,22.389236,0.0,21.560816,100.0,65.47322,1459.9368,0.36577684,-0.05040173,,1,1,0,78.993416,39,43.76414,True,True,True,True,True,True,True
134522,2026-09-14 06:00:00+00:00,2026-09-14 07:00:00+00:00,690150.0,9322350.0,True,28.5,31.632635,22.0,61.288055,25.758438,22.62066,36.7,27.0,4.4444447,-4.0911326,-1.7365828,2400.0,0.0,1008.3,28.69371,0.0,0.0,28.69371,0.0,28.69371,400.0,644.3817,1275.038,0.25212312,0.026567802,,2,2,0,46.902996,50,34.246204,True,True,True,True,True,True,True
108424,2026-09-14 08:00:00+00:00,2026-09-14 09:00:00+00:00,705850.0,9316450.0,True,28.5,31.632635,24.0,82.78689,21.22761,0.9355314,35.3,27.0,4.7777777,-4.1787386,-2.3163126,1980.0,0.0,1007.2,14.286294,0.0,11.865261,1.4652426,0.9557904,13.851893,300.0,782.2242,1685.1307,0.12625109,0.12805043,,1,1,0,53.198555,46,46.138165,True,True,True,True,True,True,True
26065,2026-09-14 09:00:00+00:00,2026-09-14 10:00:00+00:00,702450.0,9297950.0,True,28.5,31.632635,25.0,111.05598,26.02903,1.9362314,33.7,35.0,4.7222223,-3.7713344,-2.8419042,1295.0,0.0,1007.3,28.718538,0.0,0.0,22.828758,5.8897805,21.867407,100.0,264.51587,3501.0417,0.39417055,-0.03428297,,4,4,0,33.16935,47,48.04637,True,True,True,True,True,True,True
67384,2026-09-14 13:00:00+00:00,2026-09-14 14:00:00+00:00,695850.0,9307250.0,True,64.1875,123.9036,23.0,95.48093,21.902544,5.935765,28.9,61.0,2.1111112,-2.007786,-0.6523692,800.0,0.0,1010.2,19.276733,0.0,0.0,19.276733,0.0,0.0,200.0,442.3164,246.9518,0.49112996,-0.11884709,,1,1,0,45.26566,47,17.70786,True,True,True,True,True,True,True
51364,2026-09-14 18:00:00+00:00,2026-09-14 19:00:00+00:00,695850.0,9303650.0,True,34.875,34.259567,10.0,96.73131,25.633736,34.621593,27.4,67.0,1.3611112,-1.3478649,0.18943006,590.0,0.0,1010.5,9.92578,0.0,0.0,9.92578,0.0,9.92578,0.0,272.2592,1248.1333,0.44521356,-0.08806327,,2,2,0,42.245827,48,52.333397,True,True,True,True,True,True,True
78220,2026-09-14 19:00:00+00:00,2026-09-14 20:00:00+00:00,711450.0,9309650.0,True,34.6875,18.59375,11.0,89.77277,21.160807,11.935998,26.6,72.0,0.75,-0.69037867,0.29304835,350.0,0.0,1010.1,46.76765,0.0,8.271501,36.132843,2.363305,43.7847,500.0,578.94305,586.9868,0.3242559,-0.0127870515,,1,1,0,42.761623,49,20.686161,True,True,True,True,True,True,True
95449,2026-09-14 21:00:00+00:00,2026-09-14 22:00:00+00:00,698850.0,9313550.0,True,34.875,34.259567,13.0,98.088326,22.874239,13.935532,25.9,74.0,1.0555556,-1.2926828e-16,1.0555556,140.0,0.0,1010.2,23.133032,15.665246,0.0,7.4677854,0.0,23.133032,100.0,7.2844024,515.6911,,,,0,0,0,60.540337,43,37.149155,True,True,True,True,False,True,True
70610,2026-09-15 08:00:00+00:00,2026-09-15 09:00:00+00:00,706950.0,9307950.0,True,34.875,34.259567,24.0,136.46513,33.256367,1.2495009,35.4,29.0,3.75,-1.5848185,-3.3986542,2685.0,0.0,1008.0,64.918396,25.535236,0.0,38.893814,0.48934132,53.497566,800.0,29.501474,185.60632,,,,0,0,0,46.186813,46,37.54803,True,True,True,True,False,True,True
63001,2026-09-15 11:00:00+00:00,2026-09-15 12:00:00+00:00,702550.0,9306250.0,True,34.875,34.259567,27.0,158.48422,38.68313,4.2495008,31.5,36.0,2.4722223,-1.3824492,-2.049565,955.0,0.0,1009.2,40.95907,29.040028,0.0,11.919042,0.0,12.918346,100.0,38.031105,2465.4724,,,,0,0,0,43.79,49,54.65515,True,True,True,True,False,True,True
117610,2026-09-15 11:00:00+00:00,2026-09-15 12:00:00+00:00,689950.0,9318550.0,True,34.875,34.259567,27.0,314.09152,74.29469,4.2488008,31.5,36.0,2.4722223,-1.3824492,-2.049565,955.0,0.0,1009.2,20.191324,0.0,0.0,20.191324,0.0,0.0,200.0,789.68195,1159.8888,0.41804656,-0.10846152,,1,1,0,44.977005,50,37.947468,True,True,True,True,True,True,True
133718,2026-09-15 14:00:00+00:00,2026-09-15 15:00:00+00:00,698750.0,9322150.0,True,103.0,63.59363,12.0,328.9128,80.48054,7.2488008,29.2,54.0,1.5833334,-1.5638399,-0.2476879,895.0,0.0,1011.7,22.096786,0.0,0.0,22.096786,0.0,22.096786,100.0,277.6767,299.99918,0.09947609,0.15001994,,3,3,0,53.642372,52,35.35452,True,True,True,True,True,True,True
46173,2026-09-15 20:00:00+00:00,2026-09-15 21:00:00+00:00,710750.0,9302450.0,True,27.125,26.37877,12.0,132.54486,34.41224,13.249734,27.0,70.0,0.9444444,-0.098721325,0.9392707,445.0,0.0,1010.6,10.668719,0.0,0.0,10.668719,0.0,10.668719,100.0,349.84512,477.63672,,,,0,0,0,30.699898,46,32.484795,True,True,True,True,False,True,True
112926,2026-09-15 23:00:00+00:00,2026-09-16 00:00:00+00:00,711050.0,9317450.0,True,27.125,26.37877,15.0,112.60266,33.702366,16.249035,26.0,71.0,1.0555556,0.5436513,0.9047877,125.0,0.0,1011.2,49.85109,0.0,0.0,41.317875,8.533215,49.85109,900.0,818.0387,925.8537,0.20058937,0.046070885,,1,1,0,52.717255,48,66.3592,True,True,True,True,True,True,True
34965,2026-09-16 01:00:00+00:00,2026-09-16 02:00:00+00:00,702450.0,9299950.0,True,42.8125,47.50368,17.0,111.05598,26.02903,41.93623,28.9,58.0,0.6944444,0.49104637,0.49104637,685.0,0.0,1012.2,9.914195,0.0,0.0,9.914195,0.0,0.0,0.0,120.92545,3168.5896,0.29650328,-0.014914373,,1,1,0,38.73732,51,8.876886,True,True,True,True,True,True,True
127037,2026-09-16 04:00:00+00:00,2026-09-16 05:00:00+00:00,698150.0,9320650.0,True,42.8125,47.50368,20.0,328.9128,80.48054,21.2488,34.2,37.0,1.0555556,2.5853656e-16,-1.0555556,1945.0,0.0,1010.9,28.032827,0.0,20.062687,6.6349907,1.3351499,25.307243,300.0,3.2740355,144.32315,0.24370088,-0.024750683,,1,1,0,50.593426,51,50.176697,True,True,True,True,True,True,True
110770,2026-09-16 10:00:00+00:00,2026-09-16 11:00:00+00:00,717950.0,9316950.0,True,27.125,26.37877,26.0,249.50728,103.46993,3.5610366,30.7,51.0,2.7222223,-0.61236674,-2.6524518,880.0,0.0,1008.9,35.339798,0.0,0.0,35.339798,0.0,0.0,400.0,1559.2971,1753.4028,0.25755906,-0.03144565,,1,1,0,50.20579,54,62.544693,True,True,True,True,True,True,True
74109,2026-09-16 11:00:00+00:00,2026-09-16 12:00:00+00:00,700850.0,9308750.0,True,42.8125,47.50368,27.0,158.48422,38.68313,28.2495,29.8,57.0,2.3611112,0.24680331,-2.3481767,720.0,0.0,1009.4,7.7337623,0.0,0.0,7.7337623,0.0,7.7337623,0.0,628.7766,1982.8773,,,,0,0,0,56.419266,49,27.70165,True,True,True,True,False,True,True
27894,2026-09-16 13:00:00+00:00,2026-09-16 14:00:00+00:00,707350.0,9298350.0,True,88.75,133.09787,23.0,167.06659,42.148533,30.249968,29.2,62.0,0.8611111,0.045067072,-0.859931,750.0,0.0,1011.4,32.882584,0.0,14.195901,18.686682,0.0,32.882584,600.0,616.84564,1655.6647,0.21249518,0.09277998,,6,6,0,38.595207,49,41.82506,True,True,True,True,True,True,True
49234,2026-09-16 14:00:00+00:00,2026-09-16 15:00:00+00:00,705350.0,9303150.0,True,72.9375,60.41943,12.0,151.71785,37.709045,31.249735,29.0,63.0,0.083333336,-0.058925565,-0.058925565,725.0,0.0,1011.9,33.18877,0.0,10.018704,23.170065,0.0,31.11571,400.0,156.66101,468.8008,0.36357567,-0.04953584,,1,1,0,41.687405,50,48.527702,True,True,True,True,True,True,True
122769,2026-09-16 14:00:00+00:00,2026-09-16 15:00:00+00:00,716350.0,9319650.0,True,59.5,40.389072,12.0,249.50728,103.46993,7.5610366,29.0,63.0,0.083333336,-0.058925565,-0.058925565,725.0,0.0,1011.9,32.619442,0.0,6.44647,26.172974,0.0,14.68684,400.0,1599.5818,1620.8999,0.21378651,0.022683024,,2,2,0,45.68829,52,12.823815,True,True,True,True,True,True,True
95400,2026-09-16 17:00:00+00:00,2026-09-16 18:00:00+00:00,693950.0,9313550.0,True,97.625,65.45438,9.0,176.30814,47.131626,10.560803,28.2,66.0,1.2777778,-0.8041316,0.9930198,285.0,0.0,1011.3,25.071548,0.0,0.0,25.071548,0.0,0.0,200.0,618.9425,1312.5481,,,,0,0,0,48.747643,46,42.40073,True,True,True,True,False,True,True
109344,2026-09-16 21:00:00+00:00,2026-09-16 22:00:00+00:00,708850.0,9316650.0,True,53.125,40.717438,13.0,449.9237,210.1011,14.560803,26.4,74.0,1.0277778,-0.79873335,0.64680153,160.0,0.0,1010.8,39.27065,0.0,8.3365,30.934149,0.0,29.666758,600.0,522.48486,1274.5104,0.22604875,0.0011929529,,1,1,0,50.26697,47,55.35478,True,True,True,True,True,True,True
31837,2026-09-16 22:00:00+00:00,2026-09-16 23:00:00+00:00,701150.0,9299250.0,True,97.625,65.45438,14.0,111.05598,26.02903,62.93623,25.9,78.0,1.1111112,-0.5044339,0.9900072,125.0,0.0,1010.9,31.32044,0.0,13.645629,17.674812,0.0,25.297634,400.0,453.08682,2073.0364,0.27573913,0.019511836,44.444664,2,2,1,36.915154,56,46.125797,True,True,True,True,True,True,True
99028,2026-09-16 22:00:00+00:00,2026-09-16 23:00:00+00:00,700750.0,9314350.0,True,97.625,65.45438,14.0,553.3983,144.43489,15.561037,25.9,78.0,1.1111112,-0.5044339,0.9900072,125.0,0.0,1010.9,22.389236,0.0,0.0,22.389236,0.0,21.560816,100.0,65.47322,1459.9368,0.36577684,-0.05040173,,1,1,0,76.899536,45,43.76414,True,True,True,True,True,True,True
149920,2026-09-17 03:00:00+00:00,2026-09-17 04:00:00+00:00,716950.0,9325750.0,True,34.25,8.332298,19.0,95.790146,43.226265,20.56057,32.2,47.0,0.3888889,0.24997295,-0.29790616,1300.0,0.0,1011.5,27.20814,0.0,0.0,27.20814,0.0,27.20814,200.0,1208.164,2589.7966,0.23852281,-0.078138456,,2,2,0,35.13263,51,39.362396,True,True,True,True,True,True,True
94141,2026-09-17 06:00:00+00:00,2026-09-17 07:00:00+00:00,701550.0,9313250.0,True,97.625,65.45438,22.0,553.3983,144.43489,23.561037,34.3,42.0,2.4444444,0.08530988,-2.4429553,1680.0,0.1,1008.5,95.43274,39.273304,0.0,18.46407,37.695366,57.503788,1200.0,10.351907,1412.4375,,,,0,0,0,78.14422,49,53.05893,True,True,True,True,False,True,True
112926,2026-09-17 06:00:00+00:00,2026-09-17 07:00:00+00:00,711050.0,9317450.0,True,53.125,40.717438,22.0,182.56194,75.85049,23.560802,34.3,42.0,2.4444444,0.08530988,-2.4429553,1680.0,0.1,1008.5,49.85109,0.0,0.0,41.317875,8.533215,49.85109,900.0,818.0387,925.8537,0.20058937,0.046070885,,1,1,0,52.57891,48,66.3592,True,True,True,True,True,True,True
118626,2026-09-17 07:00:00+00:00,2026-09-17 08:00:00+00:00,702550.0,9318750.0,True,97.625,65.45438,23.0,323.98898,155.35977,24.560802,32.8,49.0,3.8055556,9.320923e-16,-3.8055556,1145.0,0.6,1008.0,41.832127,0.0,0.0,41.832127,0.0,41.832127,700.0,191.59785,3227.2449,0.14464168,0.08843133,,1,1,0,63.056282,49,44.92593,True,True,True,True,True,True,True
59902,2026-09-17 08:00:00+00:00,2026-09-17 09:00:00+00:00,704150.0,9305550.0,True,97.625,65.45438,24.0,158.48422,38.68313,49.2495,31.8,52.0,3.5833333,-0.5605568,-3.5392165,800.0,0.2,1007.6,37.700516,20.518444,0.0,17.182072,0.0,31.972101,100.0,4.2624555,2588.0933,0.1982977,0.071053065,,1,1,0,42.558727,51,26.694355,True,True,True,True,True,True,True
130584,2026-09-17 10:00:00+00:00,2026-09-17 11:00:00+00:00,696850.0,9321450.0,True,97.625,65.45438,26.0,189.71626,98.45646,27.56057,30.5,56.0,3.0833333,-0.3757638,-3.0603507,720.0,0.0,1007.9,21.556557,0.0,0.0,21.556557,0.0,21.556557,200.0,282.38208,692.92365,0.12776533,0.106993586,,1,1,0,47.89683,51,47.565945,True,True,True,True,True,True,True
41244,2026-09-17 15:00:00+00:00,2026-09-17 16:00:00+00:00,707350.0,9301350.0,True,174.0,81.763245,7.0,151.71785,37.709045,56.249733,28.8,66.0,1.2222222,-1.0365032,-0.6476791,720.0,0.0,1011.6,15.682821,0.0,0.0,15.682821,0.0,15.682821,0.0,986.68115,1003.7582,0.20300438,0.07991216,,2,2,0,34.743484,50,39.811745,True,True,True,True,True,True,True
89582,2026-09-17 15:00:00+00:00,2026-09-17 16:00:00+00:00,690650.0,9312250.0,True,174.0,81.763245,7.0,176.30814,47.131626,32.560802,28.8,66.0,1.2222222,-1.0365032,-0.6476791,720.0,0.0,1011.6,11.364744,0.0,0.0,11.364744,0.0,11.364744,0.0,131.18736,2173.3418,0.25647333,0.032024182,,1,1,0,40.91567,52,44.706585,True,True,True,True,True,True,True
82261,2026-09-17 21:00:00+00:00,2026-09-17 22:00:00+00:00,715050.0,9310550.0,True,107.0,51.006256,13.0,294.34177,130.45692,38.561035,26.9,76.0,0.7777778,-0.6930051,-0.35310373,210.0,0.0,1009.6,19.65313,0.0,0.9367871,18.716343,0.0,19.65313,300.0,903.0994,1569.6086,0.21255626,0.07219641,,1,1,0,39.53268,51,24.515923,True,True,True,True,True,True,True
118566,2026-09-18 02:00:00+00:00,2026-09-18 03:00:00+00:00,696550.0,9318750.0,True,174.0,81.763245,18.0,414.06073,98.727196,67.24903,30.3,60.0,2.0277777,-2.0126631,0.24712394,1075.0,0.1,1011.5,21.199942,0.0,0.0,21.199942,0.0,21.199942,100.0,351.93933,1506.0354,0.17596826,0.05651488,,1,1,0,59.316433,51,47.9183,True,True,True,True,True,True,True
121603,2026-09-18 05:00:00+00:00,2026-09-18 06:00:00+00:00,688750.0,9319450.0,True,174.0,81.763245,21.0,124.81319,49.94283,46.56057,34.5,43.0,1.5277778,-0.446679,-1.4610212,1640.0,0.1,1008.6,32.755135,0.0,0.0,32.755135,0.0,32.755135,400.0,188.00566,2367.59,0.16415556,0.0030146998,,1,1,0,50.101143,51,40.088997,True,True,True,True,True,True,True
59941,2026-09-18 06:00:00+00:00,2026-09-18 07:00:00+00:00,708050.0,9305550.0,True,107.0,51.006256,22.0,1070.4722,319.70193,47.56127,34.6,42.0,2.5555556,0.17826654,-2.5493302,1775.0,0.3,1007.9,11.118048,0.0,0.0,11.118048,0.0,11.118048,0.0,980.95624,595.56635,0.41869596,-0.072161265,,1,1,0,37.98783,49,41.78698,True,True,True,True,True,True,True
111556,2026-09-18 08:00:00+00:00,2026-09-18 09:00:00+00:00,707550.0,9317150.0,True,107.0,51.006256,24.0,449.9237,210.1011,49.560802,31.1,58.0,3.6944444,0.064476945,-3.6938818,875.0,0.5,1007.5,33.242184,0.39024374,2.5419178,29.848392,0.46162865,32.85194,500.0,54.49017,58.69481,0.3017743,0.016323151,,1,1,0,54.622295,47,45.077324,True,True,True,True,True,True,True
111151,2026-09-18 11:00:00+00:00,2026-09-18 12:00:00+00:00,711550.0,9317050.0,True,107.0,51.006256,27.0,182.56194,75.85049,52.560802,29.8,64.0,2.0,-0.618034,-1.9021131,720.0,0.0,1008.5,32.42689,0.0,18.962675,13.464215,0.0,32.42689,100.0,689.59283,675.15796,0.22313385,0.016734922,,1,1,0,55.110756,48,44.85803,True,True,True,True,True,True,True
93187,2026-09-18 17:00:00+00:00,2026-09-18 18:00:00+00:00,695150.0,9313050.0,True,100.0,67.09621,9.0,220.96742,105.36675,58.560802,27.6,75.0,1.0,-0.052335955,0.9986295,335.0,0.0,1011.5,0.0,0.0,0.0,0.0,0.0,0.0,0.0,481.1132,2057.8816,0.48026863,-0.11522453,,1,1,0,43.77289,50,10.929591,True,True,True,True,True,True,True
47424,2026-09-18 21:00:00+00:00,2026-09-18 22:00:00+00:00,702350.0,9302750.0,True,100.0,67.09621,13.0,,,,24.2,97.0,0.6388889,-0.60761946,0.19742753,85.0,0.1,1010.9,33.03361,0.0,0.0,30.894066,2.1395445,33.03361,200.0,204.8082,722.3705,0.2110952,0.14062355,,3,3,0,36.835327,48,46.981564,True,False,True,True,True,True,True
111097,2026-09-18 22:00:00+00:00,2026-09-18 23:00:00+00:00,706150.0,9317050.0,True,100.0,67.09621,14.0,449.9237,210.1011,63.560802,24.4,96.0,0.22222222,-0.15713485,0.15713485,60.0,0.0,1011.2,27.248215,0.0,0.0,27.248215,0.0,26.600105,200.0,308.893,1435.1111,0.16254371,0.10125516,,1,1,0,56.96638,47,32.112186,True,True,True,True,True,True,True
111097,2026-09-18 23:00:00+00:00,2026-09-19 00:00:00+00:00,706150.0,9317050.0,True,100.0,67.09621,15.0,449.9237,210.1011,64.56081,24.6,97.0,0.7222222,0.15015845,0.7064399,70.0,0.0,1011.6,27.248215,0.0,0.0,27.248215,0.0,26.600105,200.0,308.893,1435.1111,0.16254371,0.10125516,,1,1,0,56.907227,48,32.112186,True,True,True,True,True,True,True
112926,2026-09-18 23:00:00+00:00,2026-09-19 00:00:00+00:00,711050.0,9317450.0,True,67.625,38.747242,15.0,182.56194,75.85049,64.56081,24.6,97.0,0.7222222,0.15015845,0.7064399,70.0,0.0,1011.6,49.85109,0.0,0.0,41.317875,8.533215,49.85109,900.0,818.0387,925.8537,0.20058937,0.046070885,,1,1,0,52.451824,49,66.3592,True,True,True,True,True,True,True
113758,2026-09-18 23:00:00+00:00,2026-09-19 00:00:00+00:00,705250.0,9317650.0,True,100.0,67.09621,15.0,449.9237,210.1011,64.56081,24.6,97.0,0.7222222,0.15015845,0.7064399,70.0,0.0,1011.6,33.77131,0.0,0.0,33.77131,0.0,33.77131,500.0,274.23203,2412.3198,0.33019394,-0.047435455,,1,1,0,51.327003,50,21.581305,True,True,True,True,True,True,True
65233,2026-09-19 02:00:00+00:00,2026-09-19 03:00:00+00:00,703250.0,9306750.0,True,100.0,67.09621,18.0,,,,29.7,68.0,1.7222222,-1.6078329,0.6171892,795.0,0.0,1012.8,23.413704,0.0,0.0,23.413704,0.0,3.3794868,0.0,80.92546,2850.7925,0.3210198,0.0144807575,,1,1,0,45.29604,48,45.815544,True,False,True,True,True,True,True
137324,2026-09-19 02:00:00+00:00,2026-09-19 03:00:00+00:00,703350.0,9322950.0,True,53.0,12.601063,18.0,260.2977,130.86948,67.56057,29.7,68.0,1.7222222,-1.6078329,0.6171892,795.0,0.0,1012.8,9.232704,0.0,0.0,9.232704,0.0,9.232704,100.0,721.47876,762.93317,0.16519342,-0.009775546,,3,3,0,43.977676,48,38.97148,True,True,True,True,True,True,True
78220,2026-09-19 03:00:00+00:00,2026-09-19 04:00:00+00:00,711450.0,9309650.0,True,67.625,38.747242,19.0,,,,30.8,64.0,1.1666666,-1.1622272,0.1016817,915.0,0.0,1012.1,46.76765,0.0,8.271501,36.132843,2.363305,43.7847,500.0,578.94305,586.9868,0.3242559,-0.0127870515,,1,1,0,42.75923,52,20.686161,True,False,True,True,True,True,True
138275,2026-09-19 07:00:00+00:00,2026-09-19 08:00:00+00:00,709450.0,9323150.0,True,48.0625,7.2651076,23.0,64.34825,38.79619,-0.17100917,30.9,68.0,3.3611112,0.64133024,-3.2993581,650.0,0.7,1008.9,27.567673,0.0,0.0,27.567673,0.0,27.567673,200.0,54.223873,69.24654,0.35852265,-0.07112692,,1,1,0,63.81903,52,18.699774,True,True,True,True,True,True,True
129459,2026-09-19 08:00:00+00:00,2026-09-19 09:00:00+00:00,717850.0,9321150.0,True,67.625,38.747242,24.0,51.265137,31.23892,0.8289908,31.1,64.0,3.2777777,-0.6254295,-3.2175558,780.0,0.0,1008.6,36.794678,0.0,10.114516,23.523489,3.1566725,33.102398,200.0,3206.0579,2078.8176,0.49272376,-0.1427329,,4,4,0,21.558737,51,53.891804,True,True,True,True,True,True,True
79490,2026-09-19 09:00:00+00:00,2026-09-19 10:00:00+00:00,704950.0,9309950.0,True,100.0,67.09621,25.0,,,,30.2,67.0,2.6666667,-1.3333334,-2.309401,740.0,0.1,1008.9,57.387447,0.0,0.0,0.0,57.387447,57.387447,800.0,372.86926,390.93753,0.63793373,-0.22459131,,1,1,0,62.246784,47,49.110924,True,False,True,True,True,True,True
62578,2026-09-19 11:00:00+00:00,2026-09-19 12:00:00+00:00,704750.0,9306150.0,True,100.0,67.09621,27.0,,,,25.4,96.0,2.3055556,0.78854644,2.1665134,125.0,1.4,1010.6,20.966356,0.0,0.0,20.966356,0.0,20.966356,300.0,375.64032,2417.645,0.3057079,-0.0032905575,,1,1,0,43.56219,49,26.394175,True,False,True,True,True,True,True
64255,2026-09-19 11:00:00+00:00,2026-09-19 12:00:00+00:00,694450.0,9306550.0,True,100.0,67.09621,27.0,,,,25.4,96.0,2.3055556,0.78854644,2.1665134,125.0,1.4,1010.6,37.972145,0.0,12.206179,25.765966,0.0,37.972145,700.0,30.173191,809.1337,0.24321193,-0.009830892,,1,1,0,39.98686,51,37.24419,True,False,True,True,True,True,True
130741,2026-09-19 12:00:00+00:00,2026-09-19 13:00:00+00:00,712550.0,9321450.0,True,67.625,38.747242,28.0,86.70639,35.019585,53.87076,25.9,97.0,1.7777778,0.7513214,1.6112138,95.0,0.9,1011.8,14.431016,0.0,0.0,14.431016,0.0,13.60837,100.0,470.49664,1305.7783,0.28261495,0.012795905,,2,2,0,53.710693,50,31.758413,True,True,True,True,True,True,True
108424,2026-09-19 14:00:00+00:00,2026-09-19 15:00:00+00:00,705850.0,9316450.0,True,158.0,58.668137,12.0,,,,26.1,92.0,1.25,0.60601205,1.0932746,100.0,0.0,1012.8,14.286294,0.0,11.865261,1.4652426,0.9557904,13.851893,300.0,782.2242,1685.1307,0.12625109,0.12805043,,1,1,0,53.018814,48,46.138165,True,False,True,True,True,True,True
122769,2026-09-19 20:00:00+00:00,2026-09-19 21:00:00+00:00,716350.0,9319650.0,True,73.5,26.92605,12.0,,,,25.6,93.0,1.1944444,0.44744676,1.1074696,45.0,0.0,1011.4,32.619442,0.0,6.44647,26.172974,0.0,14.68684,400.0,1599.5818,1620.8999,0.21378651,0.022683024,,2,2,0,44.904213,52,12.823815,True,False,True,True,True,True,True
99028,2026-09-19 21:00:00+00:00,2026-09-19 22:00:00+00:00,700750.0,9314350.0,True,102.0,46.9564,13.0,,,,25.5,93.0,1.0833334,0.4058238,1.0044491,50.0,0.0,1011.6,22.389236,0.0,0.0,22.389236,0.0,21.560816,100.0,65.47322,1459.9368,0.36577684,-0.05040173,,1,1,0,75.49761,45,43.76414,True,False,True,True,True,True,True
130584,2026-09-19 22:00:00+00:00,2026-09-19 23:00:00+00:00,696850.0,9321450.0,True,102.0,46.9564,14.0,73.79927,34.18176,14.828991,25.4,93.0,1.0555556,0.3436553,0.9980474,55.0,0.0,1011.6,21.556557,0.0,0.0,21.556557,0.0,21.556557,200.0,282.38208,692.92365,0.12776533,0.106993586,,1,1,0,47.87361,51,47.565945,True,True,True,True,True,True,True
79579,2026-09-20 02:00:00+00:00,2026-09-20 03:00:00+00:00,713850.0,9309950.0,True,73.5,26.92605,18.0,,,,29.3,72.0,0.6388889,-0.4965099,0.4020658,665.0,0.0,1013.6,23.965416,0.0,0.0,23.965416,0.0,23.965416,200.0,1015.07153,1022.93835,0.29992995,-0.025349127,,1,1,0,39.744297,52,20.780838,True,False,True,True,True,True,True
70610,2026-09-20 03:00:00+00:00,2026-09-20 04:00:00+00:00,706950.0,9307950.0,True,102.0,46.9564,19.0,,,,30.5,66.0,0.5833333,-0.54815406,0.19951175,885.0,0.0,1013.1,64.918396,25.535236,0.0,38.893814,0.48934132,53.497566,800.0,29.501474,185.60632,,,,0,0,0,45.931396,49,37.54803,True,False,True,True,False,True,True
131375,2026-09-20 04:00:00+00:00,2026-09-20 05:00:00+00:00,686950.0,9321650.0,True,102.0,46.9564,20.0,,,,31.6,61.0,0.4722222,-0.35639063,0.30980566,1125.0,0.0,1012.1,23.764547,0.0,0.0,23.764547,0.0,23.764547,300.0,178.0103,596.5139,0.20024963,0.08723441,,3,3,0,49.46928,54,42.62697,True,False,True,True,True,True,True
131375,2026-09-20 08:00:00+00:00,2026-09-20 09:00:00+00:00,686950.0,9321650.0,True,102.0,46.9564,24.0,116.08443,57.340797,1.1429255,32.0,58.0,3.2222223,1.6111112,-2.7905264,685.0,0.1,1007.9,23.764547,0.0,0.0,23.764547,0.0,23.764547,300.0,178.0103,596.5139,0.20024963,0.08723441,,3,3,0,49.46928,54,42.62697,True,True,True,True,True,True,True
97288,2026-09-20 11:00:00+00:00,2026-09-20 12:00:00+00:00,704750.0,9313950.0,True,102.0,46.9564,27.0,,,,29.0,73.0,2.6388888,-0.9456932,-2.463615,500.0,0.0,1009.2,23.125492,0.0,0.0,23.125492,0.0,23.125492,100.0,115.69723,2502.394,,,,0,0,0,67.7518,50,30.737783,True,False,True,True,False,True,True
105698,2026-09-20 11:00:00+00:00,2026-09-20 12:00:00+00:00,700250.0,9315850.0,True,102.0,46.9564,27.0,241.31975,86.10634,4.143159,29.0,73.0,2.6388888,-0.9456932,-2.463615,500.0,0.0,1009.2,36.93924,0.0,0.0,36.93924,0.0,36.93924,400.0,79.76195,1390.6268,0.22376435,-0.01556879,,1,1,0,75.7225,51,20.670206,True,True,True,True,True,True,True
107200,2026-09-20 12:00:00+00:00,2026-09-20 13:00:00+00:00,716950.0,9316150.0,True,73.5,26.92605,28.0,64.960884,29.28582,5.143392,29.1,73.0,1.6388888,-0.9400281,-1.3424991,615.0,0.0,1010.7,20.426882,0.0,8.971079,11.455802,0.0,15.45726,300.0,489.49484,503.68774,0.43906304,-0.10892907,,1,1,0,49.4362,55,9.214022,True,True,True,True,True,True,True
123177,2026-09-20 15:00:00+00:00,2026-09-20 16:00:00+00:00,712650.0,9319750.0,True,47.75,27.911148,7.0,116.34483,35.724957,8.143393,27.8,84.0,0.8611111,0.35024545,0.7866641,55.0,0.2,1012.0,28.500002,0.0,0.0,28.500002,0.0,28.085068,400.0,504.19296,1861.2317,0.22948447,0.013968086,,2,2,0,51.900192,51,33.32322,True,True,True,True,True,True,True
74109,2026-09-20 19:00:00+00:00,2026-09-20 20:00:00+00:00,700850.0,9308750.0,True,77.9375,51.33462,11.0,,,,25.7,94.0,0.5,0.39931774,0.30090752,40.0,0.1,1010.5,7.7337623,0.0,0.0,7.7337623,0.0,7.7337623,0.0,628.7766,1982.8773,,,,0,0,0,56.399902,49,27.70165,True,False,True,True,False,True,True
79490,2026-09-20 20:00:00+00:00,2026-09-20 21:00:00+00:00,704950.0,9309950.0,True,77.9375,51.33462,12.0,,,,24.9,92.0,2.3055556,1.7917532,1.4509331,185.0,0.3,1010.4,57.387447,0.0,0.0,0.0,57.387447,57.387447,800.0,372.86926,390.93753,0.63793373,-0.22459131,,1,1,0,61.95198,48,49.110924,True,False,True,True,True,True,True
85300,2026-09-20 22:00:00+00:00,2026-09-20 23:00:00+00:00,707450.0,9311250.0,True,77.9375,51.33462,14.0,,,,22.7,100.0,1.0,2.4492937e-16,-1.0,65.0,8.9,1011.0,68.17614,39.407757,10.397565,18.370817,0.0,42.666786,500.0,37.925102,24.777838,,,,0,0,0,53.527794,53,52.546364,True,False,True,True,False,True,True
128513,2026-09-20 23:00:00+00:00,2026-09-21 00:00:00+00:00,712250.0,9320950.0,True,47.75,27.911148,15.0,91.895966,34.20832,16.143158,23.2,98.0,1.4444444,-1.0390464,-1.0033954,80.0,6.1,1011.1,24.929592,0.0,0.0,24.929592,0.0,0.0,300.0,399.74405,1821.1088,0.23928389,0.012833332,,1,1,0,60.634964,51,32.27868,True,True,True,True,True,True,True
102188,2026-09-21 00:00:00+00:00,2026-09-21 01:00:00+00:00,705250.0,9315050.0,True,77.9375,51.33462,16.0,,,,26.7,86.0,0.6666667,0.30266035,0.59400433,90.0,2.0,1011.7,25.923103,0.0,6.7322235,19.19088,0.0,22.196455,400.0,77.39028,2151.945,0.17727718,0.09970794,,1,1,0,55.756588,48,41.568993,True,False,True,True,True,True,True
115041,2026-09-21 01:00:00+00:00,2026-09-21 02:00:00+00:00,700050.0,9317950.0,True,77.9375,51.33462,17.0,241.31975,86.10634,18.143158,29.0,66.0,1.0833334,-0.7388316,0.79229987,685.0,0.0,1012.2,24.919052,0.0,11.209877,13.709175,0.0,24.919052,400.0,43.54848,1694.9586,0.17997031,0.033842526,,1,1,0,64.88348,51,56.412716,True,True,True,True,True,True,True
41244,2026-09-21 03:00:00+00:00,2026-09-21 04:00:00+00:00,707350.0,9301350.0,True,77.9375,51.33462,19.0,158.75266,40.111984,20.143858,32.2,50.0,1.0,-0.9945219,-0.104528464,1170.0,0.0,1011.9,15.682821,0.0,0.0,15.682821,0.0,15.682821,0.0,986.68115,1003.7582,0.20300438,0.07991216,,2,2,0,34.723454,51,39.811745,True,True,True,True,True,True,True
62074,2026-09-21 05:00:00+00:00,2026-09-21 06:00:00+00:00,698850.0,9306050.0,True,77.9375,51.33462,21.0,193.22942,52.91377,22.143625,33.7,47.0,2.0555556,1.1494521,-1.7041328,1435.0,0.0,1009.7,41.16904,20.004154,0.0,1.1622728,20.002611,41.16904,200.0,25.54979,1840.2332,0.16100352,0.08297158,,1,1,0,50.49793,49,43.727394,True,True,True,True,True,True,True
86146,2026-09-21 07:00:00+00:00,2026-09-21 08:00:00+00:00,703050.0,9311450.0,True,77.9375,51.33462,23.0,274.21506,76.60892,0.4558264,33.8,48.0,3.25,0.508412,-3.2099872,1365.0,0.5,1007.7,34.10312,17.971453,0.0,15.838387,0.2932795,26.209112,200.0,40.62917,1462.9357,0.23386657,0.017087804,,1,1,0,65.03209,49,39.12496,True,True,True,True,True,True,True
89582,2026-09-21 11:00:00+00:00,2026-09-21 12:00:00+00:00,690650.0,9312250.0,True,77.9375,51.33462,27.0,284.60938,95.45069,4.4558263,30.6,56.0,1.8611112,-1.7597151,0.6059185,1210.0,0.0,1008.5,11.364744,0.0,0.0,11.364744,0.0,11.364744,0.0,131.18736,2173.3418,0.25647333,0.032024182,,1,1,0,40.9603,52,44.706585,True,True,True,True,True,True,True
95400,2026-09-21 11:00:00+00:00,2026-09-21 12:00:00+00:00,693950.0,9313550.0,True,77.9375,51.33462,27.0,284.60938,95.45069,4.4558263,30.6,56.0,1.8611112,-1.7597151,0.6059185,1210.0,0.0,1008.5,25.071548,0.0,0.0,25.071548,0.0,0.0,200.0,618.9425,1312.5481,,,,0,0,0,48.23001,47,42.40073,True,True,True,True,False,True,True
83112,2026-09-21 12:00:00+00:00,2026-09-21 13:00:00+00:00,711150.0,9310750.0,True,47.75,27.911148,28.0,,,,26.4,82.0,1.8055556,-1.5636569,0.9027778,120.0,0.0,1009.7,23.645718,0.0,0.0,23.645718,0.0,22.42967,300.0,271.4108,1558.9536,0.28682348,0.0399522,,1,1,0,41.28551,48,45.67471,True,False,True,True,True,True,True
130123,2026-09-21 13:00:00+00:00,2026-09-21 14:00:00+00:00,695250.0,9321350.0,True,79.3125,93.584435,23.0,112.40473,46.513542,6.45536,26.7,77.0,1.4444444,-0.3003169,1.4128798,100.0,0.0,1010.5,2.499504,0.0,0.0,2.499504,0.0,2.499504,0.0,267.07928,1567.2894,0.1194212,0.163687,,3,3,0,41.95449,54,53.161633,True,True,True,True,True,True,True
121897,2026-09-21 14:00:00+00:00,2026-09-21 15:00:00+00:00,718150.0,9319450.0,True,88.625,36.120308,12.0,63.486694,23.959078,7.4558263,26.9,77.0,1.5,-1.003696,1.1147172,95.0,0.0,1010.8,26.90024,0.0,20.134645,6.7655945,0.0,26.90024,100.0,3378.5103,3409.1555,0.4907629,-0.15217209,,1,1,0,32.862366,54,23.86617,True,True,True,True,True,True,True
34545,2026-09-21 20:00:00+00:00,2026-09-21 21:00:00+00:00,704950.0,9299850.0,True,68.0,49.692787,12.0,133.63503,35.72725,37.144093,26.8,79.0,0.5,0.0954045,0.49081358,25.0,0.0,1009.1,18.990688,0.0,10.398094,8.592594,0.0,18.990688,200.0,774.92523,2823.9658,0.29198086,0.03459003,45.18963,2,2,1,34.087402,53,43.49383,True,True,True,True,True,True,True
121897,2026-09-21 23:00:00+00:00,2026-09-22 00:00:00+00:00,718150.0,9319450.0,True,46.625,28.567883,15.0,63.486694,23.959078,16.455826,25.8,83.0,1.0555556,0.44609705,0.95665824,45.0,0.0,1010.2,26.90024,0.0,20.134645,6.7655945,0.0,26.90024,100.0,3378.5103,3409.1555,0.4907629,-0.15217209,,1,1,0,32.862366,54,23.86617,True,True,True,True,True,True,True
105698,2026-09-22 11:00:00+00:00,2026-09-22 12:00:00+00:00,700250.0,9315850.0,True,68.0,49.692787,27.0,259.56992,89.38888,28.455593,29.8,65.0,1.9444444,-0.43740484,-1.8946085,615.0,0.2,1008.7,36.93924,0.0,0.0,36.93924,0.0,36.93924,400.0,79.76195,1390.6268,0.22376435,-0.01556879,,1,1,0,75.7225,51,20.670206,True,True,True,True,True,True,True
118626,2026-09-22 11:00:00+00:00,2026-09-22 12:00:00+00:00,702550.0,9318750.0,True,68.0,49.692787,27.0,259.56992,89.38888,28.455593,29.8,65.0,1.9444444,-0.43740484,-1.8946085,615.0,0.2,1008.7,41.832127,0.0,0.0,41.832127,0.0,41.832127,700.0,191.59785,3227.2449,0.14464168,0.08843133,,1,1,0,62.61281,50,44.92593,True,True,True,True,True,True,True
127662,2026-09-22 13:00:00+00:00,2026-09-22 14:00:00+00:00,716150.0,9320750.0,True,93.9375,67.09621,23.0,67.184364,31.689302,6.7660604,29.3,67.0,1.4444444,-1.4409258,0.10075935,315.0,0.0,1010.8,16.364998,0.0,0.0,16.364998,0.0,16.364998,100.0,1463.7013,1471.5061,0.359446,-0.075847745,,3,3,0,29.920883,52,10.52949,True,True,True,True,True,True,True
49160,2026-09-22 16:00:00+00:00,2026-09-22 17:00:00+00:00,697950.0,9303150.0,True,81.75,64.578735,8.0,336.19412,96.57497,33.45629,27.7,75.0,1.1666666,-0.24256364,1.1411722,155.0,0.0,1011.2,19.829594,0.0,0.0,17.565474,2.2641218,15.482488,100.0,585.7822,987.5457,0.45510706,-0.09169584,,3,3,0,47.60525,51,31.548203,True,True,True,True,True,True,True
113758,2026-09-22 16:00:00+00:00,2026-09-22 17:00:00+00:00,705250.0,9317650.0,True,81.75,64.578735,8.0,172.72833,64.57358,33.455593,27.7,75.0,1.1666666,-0.24256364,1.1411722,155.0,0.0,1011.2,33.77131,0.0,0.0,33.77131,0.0,33.77131,500.0,274.23203,2412.3198,0.33019394,-0.047435455,,1,1,0,51.455257,51,21.581305,True,True,True,True,True,True,True
131493,2026-09-22 16:00:00+00:00,2026-09-22 17:00:00+00:00,698750.0,9321650.0,True,81.75,64.578735,8.0,112.40473,46.513542,33.45536,27.7,75.0,1.1666666,-0.24256364,1.1411722,155.0,0.0,1011.2,24.950977,0.0,0.0,10.021096,14.929882,24.950977,400.0,313.81024,167.30042,0.38726568,-0.08011096,,1,1,0,50.3407,54,32.41346,True,True,True,True,True,True,True
102567,2026-09-22 20:00:00+00:00,2026-09-22 21:00:00+00:00,698650.0,9315150.0,True,81.75,64.578735,12.0,201.64223,69.976364,37.455593,26.7,78.0,1.0,0.9945219,0.104528464,215.0,0.0,1009.9,34.596577,0.0,10.427845,24.168732,0.0,34.596577,600.0,186.05281,202.18498,0.28743473,0.016441021,,2,2,0,56.43917,50,51.30819,True,True,True,True,True,True,True
138275,2026-09-22 21:00:00+00:00,2026-09-22 22:00:00+00:00,709450.0,9323150.0,True,32.125,8.277571,13.0,127.22185,53.336197,38.455593,26.4,80.0,1.0555556,1.036162,0.20140949,180.0,0.0,1010.0,27.567673,0.0,0.0,27.567673,0.0,27.567673,200.0,54.223873,69.24654,0.35852265,-0.07112692,,1,1,0,63.78082,53,18.699774,True,True,True,True,True,True,True
89582,2026-09-23 01:00:00+00:00,2026-09-23 02:00:00+00:00,690650.0,9312250.0,True,81.75,64.578735,17.0,284.60938,95.45069,42.455826,28.7,69.0,0.6111111,-0.35051894,0.5005929,560.0,0.0,1012.4,11.364744,0.0,0.0,11.364744,0.0,11.364744,0.0,131.18736,2173.3418,0.25647333,0.032024182,,1,1,0,40.9603,50,44.706585,True,True,True,True,True,True,True
109344,2026-09-23 01:00:00+00:00,2026-09-23 02:00:00+00:00,708850.0,9316650.0,True,37.1875,37.105408,17.0,172.72833,64.57358,42.455593,28.7,69.0,0.6111111,-0.35051894,0.5005929,560.0,0.0,1012.4,39.27065,0.0,8.3365,30.934149,0.0,29.666758,600.0,522.48486,1274.5104,0.22604875,0.0011929529,,1,1,0,50.244873,48,55.35478,True,True,True,True,True,True,True
120100,2026-09-23 01:00:00+00:00,2026-09-23 02:00:00+00:00,716450.0,9319050.0,True,37.1875,37.105408,17.0,61.038815,29.722994,18.766294,28.7,69.0,0.6111111,-0.35051894,0.5005929,560.0,0.0,1012.4,16.230274,0.0,14.661667,1.568607,0.0,16.10518,200.0,1659.9307,1688.5367,0.35440725,0.01305419,,4,4,0,44.89456,55,9.809231,True,True,True,True,True,True,True
68799,2026-09-23 03:00:00+00:00,2026-09-23 04:00:00+00:00,703850.0,9307550.0,True,81.75,64.578735,19.0,281.3207,75.825485,44.45606,31.6,56.0,0.6388889,-0.63733256,0.044566635,1125.0,0.0,1011.7,28.785276,0.0,10.008999,18.776278,0.0,13.98131,300.0,66.19456,1981.1329,,,,0,0,0,42.79859,51,55.93898,True,True,True,True,False,True,True
59941,2026-09-23 05:00:00+00:00,2026-09-23 06:00:00+00:00,708050.0,9305550.0,True,37.1875,37.105408,21.0,128.73521,42.026497,46.45606,34.1,47.0,0.5555556,0.048419856,-0.5534415,1490.0,0.0,1008.8,11.118048,0.0,0.0,11.118048,0.0,11.118048,0.0,980.95624,595.56635,0.41869596,-0.072161265,,1,1,0,38.257492,50,41.78698,True,True,True,True,True,True,True
140051,2026-09-23 05:00:00+00:00,2026-09-23 06:00:00+00:00,709050.0,9323550.0,True,32.125,8.277571,21.0,127.22185,53.336197,46.455593,34.1,47.0,0.5555556,0.048419856,-0.5534415,1490.0,0.0,1008.8,17.326235,0.0,0.0,17.326235,0.0,17.326235,0.0,444.8291,454.39062,0.14336136,0.10762249,,2,2,0,64.97123,54,42.281784,True,True,True,True,True,True,True
99573,2026-09-23 07:00:00+00:00,2026-09-23 08:00:00+00:00,710750.0,9314450.0,True,37.1875,37.105408,23.0,,,,33.4,52.0,3.2222223,0.28083518,-3.2099607,1060.0,0.1,1006.9,46.762928,20.086678,0.0,25.528292,1.1479598,40.33551,700.0,23.186653,2357.1746,0.35566115,-0.044144418,,1,1,0,44.2238,53,17.875868,True,False,True,True,True,True,True
79579,2026-09-23 08:00:00+00:00,2026-09-23 09:00:00+00:00,713850.0,9309950.0,True,37.1875,37.105408,24.0,96.04449,32.168324,49.45606,32.3,54.0,3.8055556,-0.13281198,-3.8032372,675.0,0.2,1006.4,23.965416,0.0,0.0,23.965416,0.0,23.965416,200.0,1015.07153,1022.93835,0.29992995,-0.025349127,,1,1,0,39.56385,51,20.780838,True,True,True,True,True,True,True
95040,2026-09-23 09:00:00+00:00,2026-09-23 10:00:00+00:00,702450.0,9313450.0,True,81.75,64.578735,25.0,274.21506,76.60892,50.455826,31.7,51.0,3.5555556,-1.2160716,-3.3411293,680.0,0.1,1006.6,107.09356,51.645546,0.33135393,20.396486,34.720177,85.01627,1100.0,3.8266,2280.0444,,,,0,0,0,62.74281,48,36.81206,True,True,True,True,False,True,True
118626,2026-09-23 09:00:00+00:00,2026-09-23 10:00:00+00:00,702550.0,9318750.0,True,81.75,64.578735,25.0,259.56992,89.38888,50.455593,31.7,51.0,3.5555556,-1.2160716,-3.3411293,680.0,0.1,1006.6,41.832127,0.0,0.0,41.832127,0.0,41.832127,700.0,191.59785,3227.2449,0.14464168,0.08843133,,1,1,0,62.1575,50,44.92593,True,True,True,True,True,True,True
90574,2026-09-23 10:00:00+00:00,2026-09-23 11:00:00+00:00,700850.0,9312450.0,True,81.75,64.578735,26.0,274.21506,76.60892,51.455826,31.0,53.0,2.8611112,-0.59485847,-2.798589,720.0,0.0,1007.1,134.0051,59.485264,0.0,22.831251,51.688587,67.49022,2000.0,11.247592,402.7311,,,,0,0,0,100.14938,49,20.11942,True,True,True,True,False,True,True
26065,2026-09-23 11:00:00+00:00,2026-09-23 12:00:00+00:00,702450.0,9297950.0,True,81.75,64.578735,27.0,,,,30.2,55.0,2.0277777,-0.38691825,-1.9905218,575.0,0.0,1008.2,28.718538,0.0,0.0,22.828758,5.8897805,21.867407,100.0,264.51587,3501.0417,0.39417055,-0.03428297,,4,4,0,33.03752,53,48.04637,True,False,True,True,True,True,True
135567,2026-09-23 12:00:00+00:00,2026-09-23 13:00:00+00:00,705650.0,9322550.0,True,81.75,64.578735,28.0,127.22185,53.336197,53.455593,29.9,60.0,1.6666666,-1.1988996,-1.157764,660.0,0.0,1009.6,55.518627,0.0,24.480785,15.268873,15.768969,49.692974,1200.0,0.8935282,270.86157,0.1743537,-0.07659919,,3,3,0,58.199642,50,62.324585,True,True,True,True,True,True,True
117610,2026-09-23 14:00:00+00:00,2026-09-23 15:00:00+00:00,689950.0,9318550.0,True,216.0,94.022255,12.0,,,,28.9,69.0,1.1944444,-1.1537447,-0.30914497,310.0,0.0,1010.6,20.191324,0.0,0.0,20.191324,0.0,0.0,200.0,789.68195,1159.8888,0.41804656,-0.10846152,,1,1,0,43.37018,52,37.947468,True,False,True,True,True,True,True
29259,2026-09-23 15:00:00+00:00,2026-09-23 16:00:00+00:00,710350.0,9298650.0,True,104.0,46.628036,7.0,126.32162,39.20691,56.456528,28.6,71.0,1.0555556,-1.0555556,-6.463414e-17,120.0,0.0,1010.6,14.773058,0.0,0.0,14.773058,0.0,3.786361,0.0,2928.3635,1325.9935,0.48173928,-0.09502271,,2,2,0,33.160625,49,6.494794,True,True,True,True,True,True,True
95400,2026-09-23 16:00:00+00:00,2026-09-23 17:00:00+00:00,693950.0,9313550.0,True,169.0,80.887596,8.0,284.60938,95.45069,57.455826,28.3,74.0,0.8055556,-0.79955107,0.09817252,70.0,0.0,1010.5,25.071548,0.0,0.0,25.071548,0.0,0.0,200.0,618.9425,1312.5481,,,,0,0,0,48.31448,46,42.40073,True,True,True,True,False,True,True
108424,2026-09-23 21:00:00+00:00,2026-09-23 22:00:00+00:00,705850.0,9316450.0,True,169.0,80.887596,13.0,172.72833,64.57358,62.455593,26.7,82.0,0.9722222,-0.5576438,0.7963978,105.0,0.0,1009.3,14.286294,0.0,11.865261,1.4652426,0.9557904,13.851893,300.0,782.2242,1685.1307,0.12625109,0.12805043,,1,1,0,52.967617,49,46.138165,True,True,True,True,True,True,True
131375,2026-09-23 21:00:00+00:00,2026-09-23 22:00:00+00:00,686950.0,9321650.0,True,169.0,80.887596,13.0,141.54056,58.586895,15.075028,26.7,82.0,0.9722222,-0.5576438,0.7963978,105.0,0.0,1009.3,23.764547,0.0,0.0,23.764547,0.0,23.764547,300.0,178.0103,596.5139,0.20024963,0.08723441,,3,3,0,49.426258,53,42.62697,True,True,True,True,True,True,True
58142,2026-09-23 22:00:00+00:00,2026-09-23 23:00:00+00:00,706150.0,9305150.0,True,169.0,80.887596,14.0,128.73521,42.026497,63.45606,26.6,83.0,1.1388888,-0.70117,0.8974567,145.0,0.0,1009.7,28.95359,0.0,0.0,28.95359,0.0,28.95359,200.0,863.6343,1290.8932,0.22432242,0.06730804,,1,1,0,37.343605,52,39.495155,True,True,True,True,True,True,True
129459,2026-09-23 23:00:00+00:00,2026-09-24 00:00:00+00:00,717850.0,9321150.0,True,104.0,46.628036,15.0,67.184364,31.689302,40.76606,26.5,82.0,1.4166666,-1.0527885,0.94793504,200.0,0.0,1010.2,36.794678,0.0,10.114516,23.523489,3.1566725,33.102398,200.0,3206.0579,2078.8176,0.49272376,-0.1427329,,4,4,0,21.620539,51,53.891804,True,True,True,True,True,True,True
49160,2026-09-24 02:00:00+00:00,2026-09-24 03:00:00+00:00,697950.0,9303150.0,True,169.0,80.887596,18.0,336.19412,96.57497,67.45629,30.5,56.0,2.1666667,-2.1399915,0.33894134,1095.0,0.0,1011.3,19.829594,0.0,0.0,17.565474,2.2641218,15.482488,100.0,585.7822,987.5457,0.45510706,-0.09169584,,3,3,0,48.157623,51,31.548203,True,True,True,True,True,True,True
55494,2026-09-24 03:00:00+00:00,2026-09-24 04:00:00+00:00,708350.0,9304550.0,True,104.0,46.628036,19.0,148.32709,42.226776,68.45629,32.1,48.0,2.0277777,-2.0028124,0.31721434,1315.0,0.0,1011.0,32.41882,0.0,10.138163,22.280657,0.0,32.41882,300.0,237.40508,327.44556,0.2100878,0.101299345,,1,1,0,47.080036,49,37.938606,True,True,True,True,True,True,True
88410,2026-09-24 03:00:00+00:00,2026-09-24 04:00:00+00:00,706950.0,9311950.0,True,169.0,80.887596,19.0,130.89676,43.009274,68.455826,32.1,48.0,2.0277777,-2.0028124,0.31721434,1315.0,0.0,1011.0,26.017876,0.0,0.0,26.017876,0.0,19.050144,400.0,248.53879,431.95462,0.3122512,-0.0023312091,,1,1,0,56.037483,52,28.246975,True,True,True,True,True,True,True
100867,2026-09-24 04:00:00+00:00,2026-09-24 05:00:00+00:00,706650.0,9314750.0,True,169.0,80.887596,20.0,130.89676,43.009274,69.455826,33.4,44.0,1.6666666,-1.5938413,0.48728618,1555.0,0.0,1010.0,17.433287,0.0,0.0,17.433287,0.0,17.433287,0.0,403.45633,720.1994,0.24919106,0.017504629,,1,1,0,53.538452,48,31.998507,True,True,True,True,True,True,True
116103,2026-09-24 04:00:00+00:00,2026-09-24 05:00:00+00:00,717250.0,9318150.0,True,104.0,46.628036,20.0,61.038815,29.722994,45.766293,33.4,44.0,1.6666666,-1.5938413,0.48728618,1555.0,0.0,1010.0,12.813269,0.0,0.0,12.813269,0.0,12.813269,200.0,2324.251,2346.8857,0.30459702,0.0034670262,,2,2,0,39.454063,49,52.758106,True,True,True,True,True,True,True
83112,2026-09-24 05:00:00+00:00,2026-09-24 06:00:00+00:00,711150.0,9310750.0,True,104.0,46.628036,21.0,,,,34.9,40.0,0.5,0.30090752,-0.39931774,1875.0,0.0,1008.7,23.645718,0.0,0.0,23.645718,0.0,22.42967,300.0,271.4108,1558.9536,0.28682348,0.0399522,,1,1,0,41.182392,47,45.67471,True,False,True,True,True,True,True
41244,2026-09-24 07:00:00+00:00,2026-09-24 08:00:00+00:00,707350.0,9301350.0,True,169.0,80.887596,23.0,,,,34.1,44.0,3.25,-0.508412,-3.2099872,1430.0,0.2,1007.6,15.682821,0.0,0.0,15.682821,0.0,15.682821,0.0,986.68115,1003.7582,0.20300438,0.07991216,,2,2,0,34.723454,51,39.811745,True,False,True,True,True,True,True
62578,2026-09-24 08:00:00+00:00,2026-09-24 09:00:00+00:00,704750.0,9306150.0,True,169.0,80.887596,24.0,,,,33.3,48.0,3.2222223,-0.28083518,-3.2099607,1150.0,1.4,1007.1,20.966356,0.0,0.0,20.966356,0.0,20.966356,300.0,375.64032,2417.645,0.3057079,-0.0032905575,,1,1,0,43.93034,50,26.394175,True,False,True,True,True,True,True
105264,2026-09-24 14:00:00+00:00,2026-09-24 15:00:00+00:00,701350.0,9315750.0,True,93.3125,63.046356,12.0,,,,28.6,73.0,1.3888888,-1.3888888,-8.5044914e-17,605.0,0.0,1011.6,29.064655,0.0,20.037786,9.026868,0.0,29.064655,200.0,17.897762,2487.637,0.17050703,0.038656328,,1,1,0,88.445724,49,45.7336,True,False,True,True,True,True,True
130584,2026-09-24 14:00:00+00:00,2026-09-24 15:00:00+00:00,696850.0,9321450.0,True,93.3125,63.046356,12.0,130.14854,34.432907,6.722754,28.6,73.0,1.3888888,-1.3888888,-8.5044914e-17,605.0,0.0,1011.6,21.556557,0.0,0.0,21.556557,0.0,21.556557,200.0,282.38208,692.92365,0.12776533,0.106993586,,1,1,0,48.647106,50,47.565945,True,True,True,True,True,True,True
128513,2026-09-24 20:00:00+00:00,2026-09-24 21:00:00+00:00,712250.0,9320950.0,True,55.0,29.334068,12.0,91.422134,36.892597,61.76606,26.4,83.0,1.0833334,-1.0044491,0.4058238,295.0,0.0,1010.2,24.929592,0.0,0.0,24.929592,0.0,0.0,300.0,399.74405,1821.1088,0.23928389,0.012833332,,1,1,0,60.076546,50,32.27868,True,True,True,True,True,True,True
73777,2026-09-24 21:00:00+00:00,2026-09-24 22:00:00+00:00,712150.0,9308650.0,True,55.0,29.334068,13.0,,,,26.2,85.0,1.0277778,-0.79873335,0.64680153,215.0,0.0,1010.2,25.633446,0.0,0.0,25.633446,0.0,3.537123,300.0,351.82864,311.0205,0.2467406,0.053010873,,1,1,0,43.47197,49,47.596317,True,False,True,True,True,True,True
37676,2026-09-25 00:00:00+00:00,2026-09-25 01:00:00+00:00,706550.0,9300550.0,True,61.9375,50.13061,16.0,,,,27.3,76.0,1.0,-1.0,-6.123234e-17,445.0,0.0,1011.8,8.5496645,0.0,0.0,8.5496645,0.0,4.4590416,0.0,304.2234,1769.8861,,,41.67032,0,0,1,34.67154,55,44.061813,True,False,True,True,True,True,True
129459,2026-09-25 00:00:00+00:00,2026-09-25 01:00:00+00:00,717850.0,9321150.0,True,55.0,29.334068,16.0,67.184364,31.689302,65.76606,27.3,76.0,1.0,-1.0,-6.123234e-17,445.0,0.0,1011.8,36.794678,0.0,10.114516,23.523489,3.1566725,33.102398,200.0,3206.0579,2078.8176,0.4801861,-0.13644345,,5,5,0,21.703186,52,53.891804,True,True,True,True,True,True,True
138275,2026-09-25 08:00:00+00:00,2026-09-25 09:00:00+00:00,709450.0,9323150.0,True,50.3125,7.333517,24.0,139.6398,38.19505,1.03717,34.3,42.0,3.0833333,-1.399804,-2.74727,1645.0,0.1,1007.9,27.567673,0.0,0.0,27.567673,0.0,27.567673,200.0,54.223873,69.24654,0.35852265,-0.07112692,,1,1,0,63.78082,53,18.699774,True,True,True,True,True,True,True
59902,2026-09-25 10:00:00+00:00,2026-09-25 11:00:00+00:00,704150.0,9305550.0,True,61.9375,50.13061,26.0,172.69496,45.8903,3.03787,32.2,47.0,3.25,-2.2576396,-2.3378544,1175.0,0.0,1008.4,37.700516,20.518444,0.0,17.182072,0.0,31.972101,100.0,4.2624555,2588.0933,0.20922875,0.06878899,,2,2,0,43.0472,51,26.694355,True,True,True,True,True,True,True
77594,2026-09-25 15:00:00+00:00,2026-09-25 16:00:00+00:00,693350.0,9309550.0,True,66.9375,49.36442,7.0,271.03745,77.3153,8.037637,28.9,67.0,1.2222222,-1.1556338,0.39791664,785.0,0.0,1011.6,23.900854,0.0,10.021489,13.879366,0.0,23.900854,300.0,778.98395,1216.8998,0.17887114,0.07762509,,2,2,0,39.59522,47,46.516384,True,True,True,True,True,True,True
89582,2026-09-25 18:00:00+00:00,2026-09-25 19:00:00+00:00,690650.0,9312250.0,True,66.9375,49.36442,10.0,,,,28.3,70.0,1.6944444,-1.6921222,0.08868037,620.0,0.0,1010.7,11.364744,0.0,0.0,11.364744,0.0,11.364744,0.0,131.18736,2173.3418,0.25647333,0.032024182,,1,1,0,41.129726,51,44.706585,True,False,True,True,True,True,True
29259,2026-09-25 19:00:00+00:00,2026-09-25 20:00:00+00:00,710350.0,9298650.0,True,55.875,28.458426,11.0,,,,27.8,72.0,1.5555556,-1.4875852,0.45480043,475.0,0.0,1010.2,14.773058,0.0,0.0,14.773058,0.0,3.786361,0.0,2928.3635,1325.9935,0.48173928,-0.09502271,,2,2,0,33.217674,50,6.494794,True,False,True,True,True,True,True
27894,2026-09-25 20:00:00+00:00,2026-09-25 21:00:00+00:00,707350.0,9298350.0,True,66.9375,49.36442,12.0,,,,27.5,73.0,1.3055556,-1.2549806,0.35985988,435.0,0.0,1010.0,32.882584,0.0,14.195901,18.686682,0.0,32.882584,600.0,616.84564,1655.6647,0.20990914,0.09393854,,7,7,0,38.56791,51,41.82506,True,False,True,True,True,True,True
49160,2026-09-25 22:00:00+00:00,2026-09-25 23:00:00+00:00,697950.0,9303150.0,True,66.9375,49.36442,14.0,268.04636,73.12501,15.03787,26.9,77.0,1.0,-0.104528464,0.9945219,125.0,0.0,1010.6,19.829594,0.0,0.0,17.565474,2.2641218,15.482488,100.0,585.7822,987.5457,0.45271492,-0.091494106,,4,4,0,47.88144,52,31.548203,True,True,True,True,True,True,True
78220,2026-09-25 23:00:00+00:00,2026-09-26 00:00:00+00:00,711450.0,9309650.0,True,55.875,28.458426,15.0,127.740555,33.38561,16.03787,26.7,79.0,0.9444444,0.26032418,0.90785825,100.0,0.0,1010.7,46.76765,0.0,8.271501,36.132843,2.363305,43.7847,500.0,578.94305,586.9868,0.3242559,-0.0127870515,,1,1,0,41.844376,53,20.686161,True,True,True,True,True,True,True
67384,2026-09-26 02:00:00+00:00,2026-09-26 03:00:00+00:00,695850.0,9307250.0,True,66.9375,49.36442,18.0,212.91518,63.709072,19.037636,31.5,57.0,1.1111112,-1.0942309,0.19294243,1105.0,0.0,1012.4,19.276733,0.0,0.0,19.276733,0.0,0.0,200.0,442.3164,246.9518,0.49112996,-0.11884709,,1,1,0,45.348717,53,17.70786,True,True,True,True,True,True,True
103951,2026-09-26 05:00:00+00:00,2026-09-26 06:00:00+00:00,703550.0,9315450.0,True,66.9375,49.36442,21.0,,,,33.1,53.0,2.7222223,0.33175543,-2.7019312,1210.0,0.1,1009.7,14.322967,0.0,0.0,0.0,14.322967,14.322967,0.0,183.40968,3895.4038,0.15865472,0.016461577,,2,2,0,74.857,46,25.156755,True,False,True,True,True,True,True
63001,2026-09-26 06:00:00+00:00,2026-09-26 07:00:00+00:00,702550.0,9306250.0,True,66.9375,49.36442,22.0,172.69496,45.8903,23.03787,31.9,55.0,2.5277777,0.90587455,-2.3598838,790.0,0.2,1009.3,40.95907,29.040028,0.0,11.919042,0.0,12.918346,100.0,38.031105,2465.4724,0.24255468,0.029349707,,1,1,0,43.69925,54,54.65515,True,True,True,True,True,True,True
76315,2026-09-26 07:00:00+00:00,2026-09-26 08:00:00+00:00,698950.0,9309250.0,True,66.9375,49.36442,23.0,212.91518,63.709072,24.037636,33.7,47.0,2.2777777,-1.2070383,-1.9316651,1440.0,0.4,1008.0,78.98474,20.241926,13.124767,10.208074,35.409977,78.98474,2000.0,14.317998,2948.04,,,,0,0,0,63.8101,50,15.748787,True,True,True,True,False,True,True
74109,2026-09-26 09:00:00+00:00,2026-09-26 10:00:00+00:00,700850.0,9308750.0,True,66.9375,49.36442,25.0,160.22867,47.335136,2.3508031,32.2,52.0,3.1388888,-1.7095615,-2.6324937,1135.0,1.6,1007.0,7.7337623,0.0,0.0,7.7337623,0.0,7.7337623,0.0,628.7766,1982.8773,,,,0,0,0,56.399902,51,27.70165,True,True,True,True,False,True,True
116103,2026-09-26 16:00:00+00:00,2026-09-26 17:00:00+00:00,717250.0,9318150.0,True,68.9375,27.473326,8.0,91.837906,25.820395,33.037403,28.0,78.0,0.6111111,-0.5582778,0.24856128,50.0,0.0,1011.0,12.813269,0.0,0.0,12.813269,0.0,12.813269,200.0,2324.251,2346.8857,0.33598647,-0.014897286,,3,3,0,39.454063,51,52.758106,True,True,True,True,True,True,True
118780,2026-09-26 17:00:00+00:00,2026-09-26 18:00:00+00:00,717950.0,9318750.0,True,68.9375,27.473326,9.0,91.837906,25.820395,34.037403,27.7,81.0,0.6944444,-0.3472222,0.6014065,60.0,0.0,1010.8,7.807224,0.0,0.0,7.807224,0.0,7.807224,0.0,3115.27,3137.741,0.4021554,-0.10673665,,4,4,0,35.915257,54,44.568573,True,True,True,True,True,True,True
123177,2026-09-26 19:00:00+00:00,2026-09-26 20:00:00+00:00,712650.0,9319750.0,True,68.9375,27.473326,11.0,111.721504,29.588818,36.037403,27.0,82.0,0.7222222,0.45450917,0.5612721,50.0,0.0,1009.7,28.500002,0.0,0.0,28.500002,0.0,28.085068,400.0,504.19296,1861.2317,0.22948447,0.013968086,,2,2,0,51.855507,52,33.32322,True,True,True,True,True,True,True
34965,2026-09-26 20:00:00+00:00,2026-09-26 21:00:00+00:00,702450.0,9299950.0,True,90.6875,48.16041,12.0,,,,26.8,83.0,0.6666667,0.53934467,0.39185685,70.0,0.0,1009.5,9.914195,0.0,0.0,9.914195,0.0,0.0,0.0,120.92545,3168.5896,0.29650328,-0.014914373,,1,1,0,38.463425,52,8.876886,True,False,True,True,True,True,True
117610,2026-09-26 21:00:00+00:00,2026-09-26 22:00:00+00:00,689950.0,9318550.0,True,90.6875,48.16041,13.0,96.27611,45.36818,14.350336,26.5,85.0,0.6666667,0.44608706,0.49542987,75.0,0.0,1009.1,20.191324,0.0,0.0,20.191324,0.0,0.0,200.0,789.68195,1159.8888,0.41804656,-0.10846152,,1,1,0,43.31614,53,37.947468,True,True,True,True,True,True,True
146962,2026-09-26 22:00:00+00:00,2026-09-26 23:00:00+00:00,688150.0,9325150.0,True,52.4375,11.000276,14.0,59.55606,29.089743,15.34987,26.1,86.0,0.8333333,0.65667564,0.5130512,80.0,0.0,1009.4,23.222795,1.2849387,8.507531,13.430326,0.0,21.937857,100.0,472.14026,62.962543,0.38374013,-0.10045521,,3,3,0,34.8843,53,24.101149,True,True,True,True,True,True,True
94141,2026-09-27 00:00:00+00:00,2026-09-27 01:00:00+00:00,701550.0,9313250.0,True,90.6875,48.16041,16.0,159.30928,46.344383,41.037636,27.8,70.0,0.75,0.25651512,0.7047695,235.0,0.0,1011.0,95.43274,39.273304,0.0,18.46407,37.695366,57.503788,1200.0,10.351907,1412.4375,,,,0,0,0,77.78781,48,53.05893,True,True,True,True,False,True,True
107495,2026-09-27 02:00:00+00:00,2026-09-27 03:00:00+00:00,701950.0,9316250.0,True,90.6875,48.16041,18.0,194.74493,63.028107,19.350336,30.3,60.0,0.6111111,-0.40891314,0.45414406,845.0,0.0,1011.8,19.971033,4.7298503,3.5418973,11.380313,0.31897265,13.889704,600.0,51.094185,3076.0168,,,,0,0,0,112.433495,49,66.54817,True,True,True,True,False,True,True
95040,2026-09-27 03:00:00+00:00,2026-09-27 04:00:00+00:00,702450.0,9313450.0,True,90.6875,48.16041,19.0,159.30928,46.344383,44.037636,31.5,57.0,0.0,0.0,0.0,1080.0,0.0,1011.6,107.09356,51.645546,0.33135393,20.396486,34.720177,85.01627,1100.0,3.8266,2280.0444,,,,0,0,0,62.909576,47,36.81206,True,True,True,True,False,True,True
134522,2026-09-27 06:00:00+00:00,2026-09-27 07:00:00+00:00,690150.0,9322350.0,True,90.6875,48.16041,22.0,75.208595,33.633526,23.350103,31.9,55.0,2.3055556,-0.08046273,-2.304151,870.0,0.2,1009.2,28.69371,0.0,0.0,28.69371,0.0,28.69371,400.0,644.3817,1275.038,0.24602297,0.026275452,,3,3,0,47.59906,53,34.246204,True,True,True,True,True,True,True
101262,2026-09-27 07:00:00+00:00,2026-09-27 08:00:00+00:00,701650.0,9314850.0,True,90.6875,48.16041,23.0,159.30928,46.344383,48.037636,31.8,56.0,2.8333333,0.49200317,-2.7902887,995.0,2.3,1008.6,54.035057,18.404335,2.496032,21.155111,11.979579,35.630722,200.0,21.372288,2456.797,0.23716591,0.009798981,,1,1,0,93.30771,46,31.918152,True,True,True,True,True,True,True
116103,2026-09-27 08:00:00+00:00,2026-09-27 09:00:00+00:00,717250.0,9318150.0,True,68.9375,27.473326,24.0,91.837906,25.820395,49.037403,31.8,57.0,2.25,-0.23518904,-2.2376742,1060.0,0.2,1007.9,12.813269,0.0,0.0,12.813269,0.0,12.813269,200.0,2324.251,2346.8857,0.33598647,-0.014897286,,3,3,0,39.551704,50,52.758106,True,True,True,True,True,True,True
113758,2026-09-27 09:00:00+00:00,2026-09-27 10:00:00+00:00,705250.0,9317650.0,True,90.6875,48.16041,25.0,127.90143,48.049534,26.350336,29.4,68.0,2.6944444,1.3877414,-2.3095896,485.0,1.6,1008.2,33.77131,0.0,0.0,33.77131,0.0,33.77131,500.0,274.23203,2412.3198,0.32522866,-0.03919557,,2,2,0,51.704178,50,21.581305,True,True,True,True,True,True,True
77608,2026-09-27 12:00:00+00:00,2026-09-27 13:00:00+00:00,694750.0,9309550.0,True,90.6875,48.16041,28.0,271.03745,77.3153,53.037636,28.7,73.0,1.1666666,-1.1489424,-0.20258954,315.0,0.1,1010.7,3.666019,0.0,0.0,3.666019,0.0,3.666019,0.0,125.24373,132.24554,0.2798331,0.016757168,,1,1,0,42.585037,48,7.6874857,True,True,True,True,True,True,True
99573,2026-09-27 13:00:00+00:00,2026-09-27 14:00:00+00:00,710750.0,9314450.0,True,112.0,107.375824,23.0,125.908485,32.01058,54.037636,27.3,76.0,1.1944444,1.0017453,0.65054107,145.0,0.6,1011.8,46.762928,20.086678,0.0,25.528292,1.1479598,40.33551,700.0,23.186653,2357.1746,0.35566115,-0.044144418,,1,1,0,44.257896,52,17.875868,True,True,True,True,True,True,True
121897,2026-09-27 17:00:00+00:00,2026-09-27 18:00:00+00:00,718150.0,9319450.0,True,104.0,45.205112,9.0,91.837906,25.820395,58.037403,24.7,90.0,1.1388888,-1.1388888,-6.973683e-17,125.0,0.1,1012.1,26.90024,0.0,20.134645,6.7655945,0.0,26.90024,100.0,3378.5103,3409.1555,0.49626303,-0.15348679,,2,2,0,32.862366,54,23.86617,True,True,True,True,True,True,True
122567,2026-09-27 18:00:00+00:00,2026-09-27 19:00:00+00:00,696150.0,9319650.0,True,130.0,59.653236,10.0,158.9836,68.01593,35.350338,25.4,90.0,0.5555556,0.3928371,0.3928371,50.0,0.1,1011.6,12.421699,0.0,0.0,12.421699,0.0,0.0,0.0,103.356834,2002.2739,0.19576895,0.023556288,,2,2,0,48.65143,50,47.681824,True,True,True,True,True,True,True
73777,2026-09-27 20:00:00+00:00,2026-09-27 21:00:00+00:00,712150.0,9308650.0,True,104.0,45.205112,12.0,127.740555,33.38561,61.03787,25.1,91.0,1.0555556,-0.5436513,0.9047877,60.0,0.0,1010.6,25.633446,0.0,0.0,25.633446,0.0,3.537123,300.0,351.82864,311.0205,0.255567,0.05923833,,2,2,0,43.409203,48,47.596317,True,True,True,True,True,True,True
37676,2026-09-27 23:00:00+00:00,2026-09-28 00:00:00+00:00,706550.0,9300550.0,True,130.0,59.653236,15.0,,,,25.1,89.0,1.0,0.052335955,0.9986295,45.0,0.0,1010.9,8.5496645,0.0,0.0,8.5496645,0.0,4.4590416,0.0,304.2234,1769.8861,,,41.67032,0,0,1,34.743336,52,44.061813,True,False,True,True,True,True,True
99573,2026-09-27 23:00:00+00:00,2026-09-28 00:00:00+00:00,710750.0,9314450.0,True,104.0,45.205112,15.0,125.908485,32.01058,64.037636,25.1,89.0,1.0,0.052335955,0.9986295,45.0,0.0,1010.9,46.762928,20.086678,0.0,25.528292,1.1479598,40.33551,700.0,23.186653,2357.1746,0.35566115,-0.044144418,,1,1,0,44.291992,51,17.875868,True,True,True,True,True,True,True
128513,2026-09-28 01:00:00+00:00,2026-09-28 02:00:00+00:00,712250.0,9320950.0,True,104.0,45.205112,17.0,58.06777,31.40964,18.661436,29.1,67.0,1.5,-1.4917828,0.1567927,640.0,0.0,1011.8,24.929592,0.0,0.0,24.929592,0.0,0.0,300.0,399.74405,1821.1088,0.23226961,0.021077959,,2,2,0,59.813145,50,32.27868,True,True,True,True,True,True,True
74109,2026-09-28 03:00:00+00:00,2026-09-28 04:00:00+00:00,700850.0,9308750.0,True,130.0,59.653236,19.0,160.22867,47.335136,44.350803,32.2,54.0,1.2777778,-1.1484591,-0.5601409,1075.0,0.0,1011.7,7.7337623,0.0,0.0,7.7337623,0.0,7.7337623,0.0,628.7766,1982.8773,,,,0,0,0,56.399902,49,27.70165,True,True,True,True,False,True,True
120100,2026-09-28 03:00:00+00:00,2026-09-28 04:00:00+00:00,716450.0,9319050.0,True,104.0,45.205112,19.0,91.837906,25.820395,68.03741,32.2,54.0,1.2777778,-1.1484591,-0.5601409,1075.0,0.0,1011.7,16.230274,0.0,14.661667,1.568607,0.0,16.10518,200.0,1659.9307,1688.5367,0.34081018,0.028142989,,6,6,0,45.92904,53,9.809231,True,True,True,True,True,True,True
79579,2026-09-28 05:00:00+00:00,2026-09-28 06:00:00+00:00,713850.0,9309950.0,True,104.0,45.205112,21.0,127.740555,33.38561,70.03787,34.4,43.0,1.75,-0.54077977,-1.664349,1575.0,0.0,1010.2,23.965416,0.0,0.0,23.965416,0.0,23.965416,200.0,1015.07153,1022.93835,0.29992995,-0.025349127,,1,1,0,39.5625,50,20.780838,True,True,True,True,True,True,True
27894,2026-09-28 06:00:00+00:00,2026-09-28 07:00:00+00:00,707350.0,9298350.0,True,130.0,59.653236,22.0,,,,34.8,43.0,2.7222223,-0.33175543,-2.7019312,1635.0,0.0,1009.4,32.882584,0.0,14.195901,18.686682,0.0,32.882584,600.0,616.84564,1655.6647,0.20990914,0.09393854,,7,7,0,38.56791,49,41.82506,True,False,True,True,True,True,True
113758,2026-09-28 06:00:00+00:00,2026-09-28 07:00:00+00:00,705250.0,9317650.0,True,130.0,59.653236,22.0,127.90143,48.049534,47.350338,34.8,43.0,2.7222223,-0.33175543,-2.7019312,1635.0,0.0,1009.4,33.77131,0.0,0.0,33.77131,0.0,33.77131,500.0,274.23203,2412.3198,0.32522866,-0.03919557,,2,2,0,51.95254,49,21.581305,True,True,True,True,True,True,True
107495,2026-09-28 12:00:00+00:00,2026-09-28 13:00:00+00:00,701950.0,9316250.0,True,130.0,59.653236,28.0,194.74493,63.028107,53.350338,30.2,61.0,0.6944444,-0.048441995,0.69275284,770.0,0.8,1011.2,19.971033,4.7298503,3.5418973,11.380313,0.31897265,13.889704,600.0,51.094185,3076.0168,,,,0,0,0,113.578445,48,66.54817,True,True,True,True,False,True,True
77197,2026-09-28 14:00:00+00:00,2026-09-28 15:00:00+00:00,698150.0,9309450.0,True,178.0,80.121414,12.0,,,,28.0,74.0,1.75,-1.3976121,1.0531763,305.0,0.1,1012.9,13.651851,0.0,10.465535,3.186315,0.0,11.850896,200.0,31.579363,3036.007,0.22973937,0.07192509,,3,3,0,64.862946,50,49.63238,True,False,True,True,True,True,True
106981,2026-09-28 14:00:00+00:00,2026-09-28 15:00:00+00:00,695050.0,9316150.0,True,178.0,80.121414,12.0,158.9836,68.01593,55.350338,28.0,74.0,1.75,-1.3976121,1.0531763,305.0,0.1,1012.9,32.86567,0.0,0.0,32.86567,0.0,32.86567,300.0,523.23706,690.42377,,,,0,0,0,56.507725,47,39.34152,True,True,True,True,False,True,True
51364,2026-09-28 16:00:00+00:00,2026-09-28 17:00:00+00:00,695850.0,9303650.0,True,142.0,61.404526,8.0,177.78517,45.198586,57.351036,27.2,77.0,1.3888888,-1.0944594,0.8550854,210.0,0.0,1013.1,9.92578,0.0,0.0,9.92578,0.0,9.92578,0.0,272.2592,1248.1333,0.44521356,-0.08806327,,2,2,0,41.436142,52,52.333397,True,True,True,True,True,True,True
76315,2026-09-28 16:00:00+00:00,2026-09-28 17:00:00+00:00,698950.0,9309250.0,True,142.0,61.404526,8.0,,,,27.2,77.0,1.3888888,-1.0944594,0.8550854,210.0,0.0,1013.1,78.98474,20.241926,13.124767,10.208074,35.409977,78.98474,2000.0,14.317998,2948.04,,,,0,0,0,63.8101,48,15.748787,True,False,True,True,False,True,True
94141,2026-09-28 18:00:00+00:00,2026-09-28 19:00:00+00:00,701550.0,9313250.0,True,142.0,61.404526,10.0,,,,24.0,92.0,2.3055556,2.1376739,-0.8636763,115.0,0.1,1012.5,95.43274,39.273304,0.0,18.46407,37.695366,57.503788,1200.0,10.351907,1412.4375,,,,0,0,0,78.14422,47,53.05893,True,False,True,True,False,True,True
95040,2026-09-28 18:00:00+00:00,2026-09-28 19:00:00+00:00,702450.0,9313450.0,True,142.0,61.404526,10.0,,,,24.0,92.0,2.3055556,2.1376739,-0.8636763,115.0,0.1,1012.5,107.09356,51.645546,0.33135393,20.396486,34.720177,85.01627,1100.0,3.8266,2280.0444,,,,0,0,0,63.038013,46,36.81206,True,False,True,True,False,True,True
86146,2026-09-28 20:00:00+00:00,2026-09-28 21:00:00+00:00,703050.0,9311450.0,True,142.0,61.404526,12.0,,,,25.1,89.0,0.25,-0.04770225,0.24540679,90.0,0.0,1011.5,34.10312,17.971453,0.0,15.838387,0.2932795,26.209112,200.0,40.62917,1462.9357,0.25457686,0.009621834,,2,2,0,65.27865,47,39.12496,True,False,True,True,True,True,True
101262,2026-09-28 20:00:00+00:00,2026-09-28 21:00:00+00:00,701650.0,9314850.0,True,142.0,61.404526,12.0,,,,25.1,89.0,0.25,-0.04770225,0.24540679,90.0,0.0,1011.5,54.035057,18.404335,2.496032,21.155111,11.979579,35.630722,200.0,21.372288,2456.797,0.23716591,0.009798981,,1,1,0,94.39842,45,31.918152,True,False,True,True,True,True,True
117268,2026-09-28 20:00:00+00:00,2026-09-28 21:00:00+00:00,700250.0,9318450.0,True,142.0,61.404526,12.0,194.74493,63.028107,61.350338,25.1,89.0,0.25,-0.04770225,0.24540679,90.0,0.0,1011.5,27.46836,0.0,0.0,27.46836,0.0,27.46836,200.0,171.92258,1971.9824,0.24881268,0.007462831,,2,2,0,65.133995,49,59.921467,True,True,True,True,True,True,True
115463,2026-09-28 21:00:00+00:00,2026-09-28 22:00:00+00:00,697750.0,9318050.0,True,142.0,61.404526,13.0,158.9836,68.01593,62.350338,25.3,87.0,0.3888889,-0.3888889,-2.3812576e-17,50.0,0.0,1011.4,93.729805,53.768913,0.0,20.745008,19.215883,72.05984,1200.0,4.0849953,138.26088,0.18124376,0.03256826,,1,1,0,67.933815,49,56.550587,True,True,True,True,True,True,True
46173,2026-09-29 01:00:00+00:00,2026-09-29 02:00:00+00:00,710750.0,9302450.0,True,88.6875,34.58793,17.0,,,,28.7,71.0,1.3611112,-1.3577955,0.09494631,775.0,0.0,1012.9,10.668719,0.0,0.0,10.668719,0.0,10.668719,100.0,349.84512,477.63672,0.2374861,0.005404511,,1,1,0,30.74575,46,32.484795,True,False,True,True,True,True,True
84327,2026-09-29 01:00:00+00:00,2026-09-29 02:00:00+00:00,699150.0,9311050.0,True,142.0,61.404526,17.0,259.40195,96.032036,66.35057,28.7,71.0,1.3611112,-1.3577955,0.09494631,775.0,0.0,1012.9,39.872417,23.24254,0.0,10.206176,6.4237022,31.54573,700.0,32.649494,1777.4396,,,,0,0,0,79.70347,43,47.601593,True,True,True,True,False,True,True
68799,2026-09-29 04:00:00+00:00,2026-09-29 05:00:00+00:00,703850.0,9307550.0,True,142.0,61.404526,20.0,160.22867,47.335136,69.3508,32.6,56.0,2.0833333,-2.0450566,-0.39751875,1225.0,0.1,1011.5,28.785276,0.0,10.008999,18.776278,0.0,13.98131,300.0,66.19456,1981.1329,,,,0,0,0,42.79859,49,55.93898,True,True,True,True,False,True,True
68799,2026-09-29 06:00:00+00:00,2026-09-29 07:00:00+00:00,703850.0,9307550.0,True,142.0,61.404526,22.0,160.22867,47.335136,71.3508,33.6,51.0,2.6666667,-0.18601726,-2.6601708,1375.0,0.1,1009.6,28.785276,0.0,10.008999,18.776278,0.0,13.98131,300.0,66.19456,1981.1329,,,,0,0,0,42.79859,49,55.93898,True,True,True,True,False,True,True
90574,2026-09-29 08:00:00+00:00,2026-09-29 09:00:00+00:00,700850.0,9312450.0,True,142.0,61.404526,24.0,140.6667,39.632103,0.61692417,32.1,60.0,3.5555556,-0.24802302,-3.5468943,1075.0,0.2,1008.7,134.0051,59.485264,0.0,22.831251,51.688587,67.49022,2000.0,11.247592,402.7311,,,,0,0,0,93.97177,47,20.11942,True,True,True,True,False,True,True
99573,2026-09-29 11:00:00+00:00,2026-09-29 12:00:00+00:00,710750.0,9314450.0,True,88.6875,34.58793,27.0,,,,29.2,74.0,1.0277778,-0.79873335,-0.64680153,150.0,0.2,1009.8,46.762928,20.086678,0.0,25.528292,1.1479598,40.33551,700.0,23.186653,2357.1746,0.35566115,-0.044144418,,1,1,0,44.38837,50,17.875868,True,False,True,True,True,True,True
40328,2026-09-29 13:00:00+00:00,2026-09-29 14:00:00+00:00,704750.0,9301150.0,True,110.0,144.26233,23.0,178.20854,45.799282,5.6173906,28.9,72.0,1.6944444,-1.6934122,-0.05913526,715.0,0.0,1011.0,46.204815,0.0,13.604613,31.898659,0.7015439,14.306157,600.0,29.47497,1601.2653,0.42712003,-0.06997806,,2,2,0,33.16324,48,60.45903,True,True,True,True,True,True,True
122567,2026-09-29 18:00:00+00:00,2026-09-29 19:00:00+00:00,696150.0,9319650.0,True,69.8125,40.936348,10.0,,,,27.7,77.0,0.75,-0.6622107,0.35210368,630.0,0.0,1010.9,12.421699,0.0,0.0,12.421699,0.0,0.0,0.0,103.356834,2002.2739,0.19576895,0.023556288,,2,2,0,48.65143,48,47.681824,True,False,True,True,True,True,True
136523,2026-09-29 23:00:00+00:00,2026-09-30 00:00:00+00:00,712250.0,9322750.0,True,45.25,5.9926877,15.0,69.7273,31.649895,15.616691,26.5,83.0,0.9444444,0.39913946,0.8559573,130.0,0.0,1011.4,46.83253,0.0,0.0,46.83253,0.0,46.83253,800.0,279.87448,943.56537,0.2820297,-0.041930616,,2,2,0,52.9489,51,13.456453,True,True,True,True,True,True,True
70610,2026-09-30 00:00:00+00:00,2026-09-30 01:00:00+00:00,706950.0,9307950.0,True,69.8125,40.936348,16.0,,,,27.4,81.0,0.6388889,0.044566635,0.63733256,305.0,0.0,1012.5,64.918396,25.535236,0.0,38.893814,0.48934132,53.497566,800.0,29.501474,185.60632,,,,0,0,0,45.972157,45,37.54803,True,False,True,True,False,True,True
29277,2026-09-30 01:00:00+00:00,2026-09-30 02:00:00+00:00,712150.0,9298650.0,True,58.9375,24.627483,17.0,,,,28.9,72.0,0.5555556,-0.54711545,0.09647121,655.0,0.0,1013.1,22.257042,0.0,0.0,1.2765683,20.980474,22.257042,200.0,3104.1704,3084.1785,0.4016552,-0.09825652,40.49123,2,2,2,30.830359,43,16.009691,True,False,True,True,True,True,True
93187,2026-09-30 02:00:00+00:00,2026-09-30 03:00:00+00:00,695150.0,9313050.0,True,69.8125,40.936348,18.0,,,,30.2,65.0,0.8888889,-0.8888889,-5.4428746e-17,895.0,0.0,1013.3,0.0,0.0,0.0,0.0,0.0,0.0,0.0,481.1132,2057.8816,0.48026863,-0.11522453,,1,1,0,44.08338,46,10.929591,True,False,True,True,True,True,True
130741,2026-09-30 02:00:00+00:00,2026-09-30 03:00:00+00:00,712550.0,9321450.0,True,58.9375,24.627483,18.0,69.7273,31.649895,18.616692,30.2,65.0,0.8888889,-0.8888889,-5.4428746e-17,895.0,0.0,1013.3,14.431016,0.0,0.0,14.431016,0.0,13.60837,100.0,470.49664,1305.7783,0.27637628,0.030858789,,3,3,0,54.57731,48,31.758413,True,True,True,True,True,True,True
62578,2026-09-30 10:00:00+00:00,2026-09-30 11:00:00+00:00,704750.0,9306150.0,True,69.8125,40.936348,26.0,167.03595,46.221546,26.617157,31.0,57.0,0.9444444,2.3132218e-16,-0.9444444,770.0,0.1,1009.0,20.966356,0.0,0.0,20.966356,0.0,20.966356,300.0,375.64032,2417.645,0.29696077,0.014441839,,2,2,0,44.535103,47,26.394175,True,True,True,True,True,True,True
68799,2026-09-30 18:00:00+00:00,2026-09-30 19:00:00+00:00,703850.0,9307550.0,True,85.4375,53.96155,10.0,167.03595,46.221546,34.617157,25.3,91.0,1.5555556,0.80117035,1.3333714,80.0,0.2,1012.0,28.785276,0.0,10.008999,18.776278,0.0,13.98131,300.0,66.19456,1981.1329,,,,0,0,0,42.83886,48,55.93898,True,True,True,True,False,True,True
120907,2026-09-30 19:00:00+00:00,2026-09-30 20:00:00+00:00,708150.0,9319250.0,True,60.125,32.070457,11.0,97.75802,30.505112,35.616924,25.1,93.0,0.8611111,0.3085946,0.80391645,35.0,1.0,1011.0,19.837902,0.0,0.0,19.837902,0.0,19.837902,0.0,419.8875,427.8773,0.29802355,-0.01698426,,2,2,0,57.116825,43,25.710842,True,True,True,True,True,True,True
112926,2026-09-30 21:00:00+00:00,2026-09-30 22:00:00+00:00,711050.0,9317450.0,True,60.125,32.070457,13.0,,,,25.6,87.0,0.41666666,0.050778892,-0.4135609,55.0,0.0,1011.0,49.85109,0.0,0.0,41.317875,8.533215,49.85109,900.0,818.0387,925.8537,0.20663851,0.03813721,,2,2,0,52.560326,46,66.3592,True,False,True,True,True,True,True
