station_uuid,kode,initial,name,type,lat,lon,kecamatan,kota,active,geoscf_cell_id,x_utm,y_utm,grid_id,in_grid
d0d713ca-1e2d-430c-980a-7c288f7f5210,BAM02,DKI17,SDN 07 Kramat Pela,Sensor,-6.244491,106.790577,KEBAYORAN  BARU,KOTA ADM. JAKARTA SELATAN,1,4,698103.7631175236,9309431.95771895,77197,True
2d554554-7567-4ac1-ab87-536260d2ba79,DKI1,DKI01,Bundaran HI,Reference,-6.195459,106.822731,MENTENG,KOTA ADM. JAKARTA PUSAT,1,4,701681.0470563313,9314842.594011107,101262,True
9d75e672-3aa7-4d11-bbed-c4f4ae8b34cf,DKI100,DKI100,SDN 03 Rorotan,Reference,-6.143968,106.956991,CILINCING,KOTA ADM. JAKARTA UTARA,1,5,716563.0135585538,9320484.903429683,126331,True
0287f192-2054-44eb-a226-f22ff568b82e,DKI101,DKI101,Metland Perumahan RW07,Reference,-6.17624684,106.97006798,CAKUNG,KOTA ADM. JAKARTA TIMUR,1,5,717997.5090617859,9316909.321657848,110770,True
e1f0d84b-bdb6-4538-8696-df7cd483154a,DKI102,DKI102,Rusun Rorotan,Reference,-6.151638,106.955077,CILINCING,KOTA ADM. JAKARTA UTARA,1,5,716348.0256947909,9319637.32907398,122769,True
c031bd5c-329e-4798-a76e-23471f86b09c,DKI103,DKI103,Taman RW 009,Reference,-6.153326,106.971152,CILINCING,KOTA ADM. JAKARTA UTARA,1,5,718126.877721733,9319444.087780152,121897,True
6f041190-f963-4b8b-8cfc-ae979a8dc94a,DKI104,DKI104,SDN 05 Cakung Timur,Reference,-6.16545,106.963007,CAKUNG,KOTA ADM. JAKARTA TIMUR,1,5,717220.2761205664,9318106.412058096,116103,True
38146348-8e39-48fd-9b80-9a07270976ce,DKI105,DKI105,JGC Shinano,Reference,-6.159329,106.969286,CAKUNG,KOTA ADM. JAKARTA TIMUR,1,5,717917.8585167546,9318780.875277273,118780,True
2420af88-7961-41aa-9d16-090da63e4ef7,DKI2,DKI02,Kelapa Gading,Reference,-6.154085,106.908249,KELAPA GADING,KOTA ADM. JAKARTA UTARA,1,5,711163.1833326722,9319385.41869002,121382,True
61246172-d1ec-4e25-8c96-ddf74f967dc5,DKI3,DKI03,Jagakarsa,Reference,-6.336216,106.818082,JAGAKARSA,KOTA ADM. JAKARTA SELATAN,1,4,701112.5436513879,9299276.918598592,31837,True
a188c80b-8233-41e1-9239-9f7143acbab8,DKI4,DKI04,Lubang Buaya,Reference,-6.2908,106.908501,CIPAYUNG,KOTA ADM. JAKARTA TIMUR,1,5,711136.465519763,9304264.174903585,54187,True
e0aa6e66-90b9-478b-b7e4-bc4a35646b32,DKI5,DKI05,Kebun Jeruk,Reference,-6.207255,106.75256,KEMBANGAN,KOTA ADM. JAKARTA BARAT,1,4,693910.0438811447,9313564.18909239,95400,True
f5144af4-3ea5-4479-a2df-fd87262ae311,DKI98,DKI98,Sungai Taman Kendal,Reference,-6.138287,106.968277,MAKASAR,KOTA ADM. JAKARTA TIMUR,1,5,717814.7283115932,9321108.679141566,129459,True
6a6f0ec4-7742-46ed-91d9-7bc94e6d8c18,DKI99,DKI99,SMKN 04 Jakarta,Reference,-6.141497,106.953288,CILINCING,KOTA ADM. JAKARTA UTARA,1,5,716154.0761006321,9320759.708530877,127662,True
19d87909-d7d0-445e-a086-057731bbbe30,DKI_CENDRAWASIH,DKI12,GOR Cendrawasih,Sensor,-6.143301552250624,106.72061039751402,CENGKARENG,KOTA ADM. JAKARTA BARAT,1,4,690396.815565516,9320648.516181648,126959,True
ec5ae1ac-e61a-4598-9c34-55d31b7c6961,DKI_CILANGKAP,DKI10,Kebon Bibit Cilangkap,Sensor,-6.341642335615187,106.9015682523348,CIPAYUNG,KOTA ADM. JAKARTA TIMUR,1,5,710348.6819929671,9298643.640345514,29259,True
e755fa68-840c-4542-abf7-46eefb3d059b,DKI_CIRACAS,DKI09,GOR Ciracas,Sensor,-6.324783,106.86687,CIRACAS,KOTA ADM. JAKARTA TIMUR,1,4,706515.7699078621,9300522.255733619,37676,True
3611712a-2eca-427d-a3fc-25e653fca2f0,DKI_GOMBOLPAYA,DKI13,"TMB Gombol Paya, Kalideres",Sensor,-6.134634778409541,106.6891883099439,KALIDERES,KOTA ADM. JAKARTA BARAT,1,4,686921.7779346465,9321618.053584296,131375,True
7e380d05-b4f7-4efe-9ab9-a5a259e785a0,DKI_MANGGALABISMA,DKI06,"RPTRA Manggala Bisma, Papanggo",Sensor,-6.127813057843073,106.86804428721646,TANJUNG PRIOK,KOTA ADM. JAKARTA UTARA,1,4,706722.7769545927,9322306.839103194,134688,True
08bc1f24-cf3b-4d6c-99a2-6393c0b11f4f,DKI_PENJARINGAN,DKI07,Rusun Penjaringan,Sensor,-6.129308030415923,106.79575684232952,PENJARINGAN,KOTA ADM. JAKARTA UTARA,1,4,698720.0719392066,9322168.82161302,133718,True
e88dcdc2-4211-4229-8a46-1e7b193f3d42,DKI_PM25_12,DKI91,SDN 05 Wijaya Kusuma Pagi (ROOFTOP),Sensor,-6.160188,106.775834,GROGOL PETAMBURAN,KOTA ADM. JAKARTA BARAT,1,4,696503.3596207448,9318760.992654953,118566,True
115a3436-2ca4-4697-a8eb-06975fcef75a,DKI_PM25_13,DKI40,RPTRA Tipar Asri,Sensor,-6.135652,106.920781,CILINCING,KOTA ADM. JAKARTA UTARA,1,5,712557.7788622077,9321419.208992474,130741,True
cc0c1c0b-f16c-45a5-a707-aec6eda7a450,DKI_PM25_14,DKI56,SDN 04 Bintaro,Sensor,-6.270335,106.757735,PESANGGRAHAN,KOTA ADM. JAKARTA SELATAN,1,4,694459.5368101241,9306586.002483651,64255,True
ba324a83-d5f1-4e33-8112-be45892f46a7,DKI_PM25_15,DKI63,Kantor SUDIN LH Jakarta Timur (ROOFTOP),Sensor,-6.28847332651929,106.883013732949,MAKASAR,KOTA ADM. JAKARTA TIMUR,1,5,708316.7448316116,9304531.739891404,55494,True
b6163f52-c25d-4cd5-99cc-8da8900c55af,DKI_PM25_16,DKI31,Jakarta Islamic Center (JIC),Sensor,-6.123743,106.918003,KOJA,KOTA ADM. JAKARTA UTARA,1,8,712254.956327799,9322737.489566373,136523,True
2c0d984d-0f4a-4f8a-8564-ddd78fd76b34,DKI_PM25_17,DKI58,SDN 20 Pejaten Timur,Sensor,-6.2737557,106.850605,PASAR MINGGU,KOTA ADM. JAKARTA SELATAN,1,4,704735.9029667659,9306172.31425882,62578,True
5d0e04d6-66b3-48e9-be13-81b16af54d45,DKI_PM25_18,DKI71,SDN 02 Pagi Ujung Menteng,Sensor,-6.183194,106.960562,CAKUNG,KOTA ADM. JAKARTA TIMUR,1,5,716942.3901796038,9316144.804921951,107200,True
eb16436e-2f5a-4ffb-bac7-2e3d8d38e611,DKI_PM25_19,DKI80,SDN 18 Pekayon,Sensor,-6.345559,106.869082,PASAR REBO,KOTA ADM. JAKARTA TIMUR,0,4,706752.2752980476,9298223.522420198,27443,True
0801e8e7-5b99-4546-bf4b-478d0e26fc03,DKI_PM25_20,DKI59,TPS 3R Siaga Pejaten Barat,Sensor,-6.268989,106.837096,PASAR MINGGU,KOTA ADM. JAKARTA SELATAN,1,4,703242.7187981551,9306704.766734984,65233,True
45110315-0376-4e97-9588-b4baf0ef1763,DKI_PM25_21,DKI41,RSUD Tanjung Priok (ROOFTOP),Sensor,-6.116135,106.888912,TANJUNG PRIOK,KOTA ADM. JAKARTA UTARA,1,8,709037.415483465,9323590.365569634,140051,True
b24e4361-bcc4-4014-849f-c1909ab68a70,DKI_PM25_22,DKI32,Kantor Kelurahan Kapuk Muara,Sensor,-6.137185,106.764126,PENJARINGAN,KOTA ADM. JAKARTA UTARA,1,4,695215.8094651434,9321309.291689476,130123,True
cc38c761-d5c1-4400-855d-e6ea0c66279a,DKI_PM25_23,DKI44,SDN 12 Sunter Agung,Sensor,-6.13938,106.86716,TANJUNG PRIOK,KOTA ADM. JAKARTA UTARA,1,4,706620.4291753657,9321027.870407926,128902,True
6da19e57-b64d-4781-9280-a9a20e2e843f,DKI_PM25_24,DKI62,Kantor Kecamatan Pulogadung,Sensor,-6.198879,106.904644,PULOGADUNG,KOTA ADM. JAKARTA TIMUR,1,5,710746.3899064475,9314432.49246306,99573,True
af3b8741-cb8a-4df7-ae04-27da56572f79,DKI_PM25_25,DKI89,RSUD Cengkareng,Sensor,-6.143486,106.73485,CENGKARENG,KOTA ADM. JAKARTA BARAT,1,4,691972.9266490804,9320623.029711805,126975,True
f0fb0579-7606-494e-9265-7b61255df34d,DKI_PM25_26,DKI46,Asrama Universitas Indonesia,Sensor,-6.348009,106.829808,JAGAKARSA,KOTA ADM. JAKARTA SELATAN,1,4,702405.4789663556,9297968.064644163,26065,True
428162ac-9555-4000-a2b1-d235c196b7cb,DKI_PM25_27,DKI51,RPTRA Manunggal Petukangan Selatan,Sensor,-6.243737,106.747235,PESANGGRAHAN,KOTA ADM. JAKARTA SELATAN,0,4,693307.3386902779,9309531.458510889,77594,True
d24e6893-5831-4b42-ba0d-0c29d817b46b,DKI_PM25_28,DKI76,SDN 10 Pondok Bambu,Sensor,-6.232204,106.908,DUREN SAWIT,KOTA ADM. JAKARTA TIMUR,1,5,711104.5676563538,9310745.30092933,83112,True
4addd804-bfcd-4f33-a2bb-bf8b9f6412f9,DKI_PM25_29,DKI37,RPTRA Rawa Badak Utara,Sensor,-6.117076,106.896598,KOJA,KOTA ADM. JAKARTA UTARA,1,8,709887.9285418945,9323483.292918308,139614,True
9ce99524-9672-46e7-8982-b9df21e53d52,DKI_PM25_30,DKI50,RPTRA Duren Tiga,Sensor,-6.255385,106.842706,PANCORAN,KOTA ADM. JAKARTA SELATAN,1,4,703868.8578887013,9308207.183985682,71914,True
ddac0d7d-5b55-4371-b1c5-3d7b64473d0f,DKI_PM25_31,DKI65,Puskesmas Kecamatan Duren Sawit,Sensor,-6.242139,106.910975,DUREN SAWIT,KOTA ADM. JAKARTA TIMUR,1,5,711429.86368163,9309645.26228381,78220,True
e0bfb6af-c9d6-40bb-94c4-68589b7a44bf,DKI_PM25_32,DKI60,Waduk Jagakarsa,Sensor,-6.330155,106.830191,JAGAKARSA,KOTA ADM. JAKARTA SELATAN,1,4,702454.8256540478,9299942.549351215,34965,True
5a49f89a-f128-4c15-8bc3-66da51517e81,DKI_PM25_33,DKI66,RPTRA Citra Permata,Sensor,-6.221678,106.870318,JATINEGARA,KOTA ADM. JAKARTA TIMUR,1,4,706938.0157340133,9311924.421319008,88410,True
2ba31004-09fd-4806-874e-b20eb28f2bbc,DKI_PM25_34,DKI45,SMP 112 Teluk Gong (ROOFTOP),Sensor,-6.135656,106.779261,PENJARINGAN,KOTA ADM. JAKARTA UTARA,1,4,696891.7172391543,9321472.85149931,130584,True
b6c91758-b760-42d4-a16c-22bed5a4597d,DKI_PM25_35,DKI77,SDN 11 Utan Kayu Utara,Sensor,-6.195917,106.86781,MATRAMAN,KOTA ADM. JAKARTA TIMUR,1,4,706670.4747833917,9314774.590398522,100867,True
5c00fad4-ccdc-48c3-b897-1dd426635203,DKI_PM25_36,DKI73,SDN 04 Cibubur,Sensor,-6.344574,106.874146,CIRACAS,KOTA ADM. JAKARTA TIMUR,1,4,707313.0298577197,9298330.441257289,27894,True
5c6cfb14-61e6-4794-a7d7-a0003d44969d,DKI_PM25_37,DKI27,SDN 01 Cempaka Putih Barat,Sensor,-6.175124,106.863204,CEMPAKA PUTIH,KOTA ADM. JAKARTA PUSAT,1,4,706168.7114112973,9317076.097427262,111097,True
576c96d1-07d3-459b-814b-824361ad96fe,DKI_PM25_38,DKI30,Taman Ismail Marzuki,Sensor,-6.189948,106.839821,MENTENG,KOTA ADM. JAKARTA PUSAT,1,4,703574.7650951702,9315445.578193504,103951,True
fb382107-366e-4c3e-9693-5d8b2d5e54e5,DKI_PM25_39,DKI67,RPTRA Rawajaya,Sensor,-6.233693,106.943486,DUREN SAWIT,KOTA ADM. JAKARTA TIMUR,1,5,715031.6633205483,9310566.272572342,82261,True
af31a885-1f01-4d5c-a4ee-f27f52ead207,DKI_PM25_40,DKI53,SDN 01 Manggarai,Sensor,-6.212814,106.856324,TEBET,KOTA ADM. JAKARTA SELATAN,1,4,705392.5807278603,9312910.241814721,92844,True
43384e3b-44e3-4800-8b22-622b329719d8,DKI_PM25_41,DKI33,Kantor Walikota Jakarta Utara (ROOFTOP),Sensor,-6.1201855,106.8925052,TANJUNG PRIOK,KOTA ADM. JAKARTA UTARA,1,8,709433.6233167618,9323140.973053684,138275,True
4c663e14-ddf6-4212-81b7-b9db9f9dc83c,DKI_PM25_42,DKI82,Taman Sutoyo,Sensor,-6.257937,106.870456,KRAMATJATI,KOTA ADM. JAKARTA TIMUR,1,4,706939.0551702373,9307914.082522178,70610,True
f54ebf4f-77fd-4690-88ac-3d14a256d8dc,DKI_PM25_43,DKI25,RPTRA Kebon Melati,Sensor,-6.200209,106.814043,TANAH ABANG,KOTA ADM. JAKARTA PUSAT,1,4,700717.6265659111,9314320.550706107,99028,True
53fde217-ffa0-4213-a671-95dbb4be6c67,DKI_PM25_44,DKI86,RPTRA Kalijodo,Sensor,-6.142839,106.790256,TAMBORA,KOTA ADM. JAKARTA BARAT,1,4,698106.1488401846,9320674.388047433,127037,True
d1e88427-b908-4d72-b4cf-90901731d1be,DKI_PM25_45,DKI57,SDN 11 Kalibata,Sensor,-6.2615869,106.8421225,PANCORAN,KOTA ADM. JAKARTA SELATAN,1,4,703801.8751866668,9307521.483831026,68799,True
35a9757b-1bb9-468b-8354-a61c6280f5ca,DKI_PM25_46,DKI29,SDN 10 Johar Baru Pagi,Sensor,-6.18121,106.860386,JOHAR BARU,KOTA ADM. JAKARTA PUSAT,1,4,705854.4309916123,9316404.07509847,108424,True
542cbe5e-859d-434f-8fed-e67fcf9cd50c,DKI_PM25_47,DKI78,SDN 12 Gedong,Sensor,-6.301248,106.856648,PASAR REBO,KOTA ADM. JAKARTA TIMUR,1,4,705393.8862845261,9303129.289326131,49234,True
5c375f43-82cd-479f-bfc6-2c6567653095,DKI_PM25_48,DKI52,RPTRA Mawar,Sensor,-6.297187,106.770068,CILANDAK,KOTA ADM. JAKARTA SELATAN,1,4,695814.3260926043,9303611.709575439,51364,True
219dd54c-4129-40b3-b5c6-80f042dd88f9,DKI_PM25_49,DKI23,RPTRA Harapan Mulia,Sensor,-6.169828,106.855026,KEMAYORAN,KOTA ADM. JAKARTA PUSAT,1,4,705265.5209649773,9317664.995077725,113758,True
ccb9546d-47b3-4264-86c0-10f2b43974a9,DKI_PM25_50,DKI47,Kantor LLHD Jakarta Selatan (ROOFTOP),Sensor,-6.225848,106.834948,SETIABUDI,KOTA ADM. JAKARTA SELATAN,1,4,703021.6345834922,9311476.947464602,86146,True
edb97c37-f43f-4964-a762-903fe8df3044,DKI_PM25_51,DKI68,RPTRA Udara Segar,Sensor,-6.282609,106.863509,KRAMATJATI,KOTA ADM. JAKARTA TIMUR,1,4,706160.5058863986,9305188.072217572,58142,True
738500d3-df50-40ab-97bb-b8da394aac53,DKI_PM25_52,DKI64,Padepokan Restu Bumi Asrama Ciracas,Sensor,-6.316993,106.874609,CIRACAS,KOTA ADM. JAKARTA TIMUR,1,4,707375.2731622963,9301380.761051353,41244,True
fa0f58e6-5243-4d6f-acc5-03bb9ffdf698,DKI_PM25_53,DKI54,SDN 02 Petukangan Selatan,Sensor,-6.243553,106.760206,PESANGGRAHAN,KOTA ADM. JAKARTA SELATAN,1,4,694742.910355038,9309547.027732957,77608,True
7ed27231-325b-498f-99c4-4886359e4306,DKI_PM25_54,DKI81,SMPN 179 Jakarta,Sensor,-6.331141,106.852423,PASAR REBO,KOTA ADM. JAKARTA TIMUR,1,4,704914.5665369658,9299824.77733,34545,True
493b612d-8277-47b6-9727-3854f13d5f48,DKI_PM25_55,DKI26,RPTRA Melati Duri Pulo,Sensor,-6.163207,106.809255,GAMBIR,KOTA ADM. JAKARTA PUSAT,1,4,700201.5973013078,9318414.676339505,117268,True
3029cf23-cfec-4917-86f4-0afb1c3fe70a,DKI_PM25_56,DKI42,SDN 01 Sukapura,Sensor,-6.150574,106.921919,CILINCING,KOTA ADM. JAKARTA UTARA,1,5,712677.8322137442,9319768.324974723,123177,True
4aba46b6-6337-4b59-87e6-2c8f2934a043,DKI_PM25_57,DKI69,RSUD Cipayung,Sensor,-6.307085,106.905332,CIPAYUNG,KOTA ADM. JAKARTA TIMUR,1,5,710779.1794597111,9302464.276590388,46173,True
487c98af-c775-4cad-b541-95c33ad4371f,DKI_PM25_58,DKI87,RPTRA Pandawa,Sensor,-6.184001,106.763099,KEBON JERUK,KOTA ADM. JAKARTA BARAT,1,4,695085.0242666604,9316132.08196718,106981,True
3ef766cc-2918-4f12-8e7e-94e828c3f519,DKI_PM25_59,DKI85,Komplek Dinas Kebersihan Tegal Alur,Sensor,-6.128056,106.718611,KALIDERES,KOTA ADM. JAKARTA BARAT,1,4,690180.9108831093,9322335.258224571,134522,True
570b6df8-7785-4720-8ca6-d544eb3df355,DKI_PM25_60,DKI93,Taman Maju Bersama (TMB) Dupa Indah,Sensor,-6.171999,106.775773,KEBON JERUK,KOTA ADM. JAKARTA BARAT,1,4,696492.2577052843,9317454.776518838,112780,True
6110e49c-2f9c-403d-bdbe-8bf98475f151,DKI_PM25_61,DKI72,SDN 03 Cijantung,Sensor,-6.319594,106.851231,PASAR REBO,KOTA ADM. JAKARTA TIMUR,1,4,704787.2104607685,9301102.348392054,40328,True
23ace949-02d5-4000-a5e5-2e3dc130d704,DKI_PM25_62,DKI88,RPTRA Ria Damkar Joglo 2,Sensor,-6.21887055477562,106.723318740138,KEMBANGAN,KOTA ADM. JAKARTA BARAT,1,4,690669.5268187651,9312290.216690455,89582,True
5609315d-61fb-4269-a5cd-f01ac8cf8a70,DKI_PM25_63,DKI75,SDN 06 Makassar,Sensor,-6.279235,106.880195,MAKASAR,KOTA ADM. JAKARTA TIMUR,1,5,708008.471257756,9305554.638460448,59941,True
015724e5-cea6-464c-9c8a-4982a8567a79,DKI_PM25_64,DKI92,SMPN 88 Jakarta (ROOFTOP),Sensor,-6.19306,106.794973,PAL MERAH,KOTA ADM. JAKARTA BARAT,1,4,698609.5885724479,9315118.385973668,102567,True
dee5c8b6-14bc-4f55-ab96-1c64737aa5cd,DKI_PM25_65,DKI21,RPTRA Amir Hamzah,Sensor,-6.2033,106.850242,MENTENG,KOTA ADM. JAKARTA PUSAT,1,4,704723.0845431141,9313964.844849812,97288,True
eab670ce-1319-45ee-aea0-4d11ee0de227,DKI_PM25_66,DKI48,Kantor SUDIN Jakarta Selatan (ROOFTOP),Sensor,-6.272876,106.831279,PANCORAN,KOTA ADM. JAKARTA SELATAN,1,4,702597.4517791606,9306277.120368533,63001,True
09953843-9c1e-4950-98d7-0eaa5b191061,DKI_PM25_67,DKI39,RPTRA Taman Pinus,Sensor,-6.140051,106.917764,CILINCING,KOTA ADM. JAKARTA UTARA,1,5,712222.0464205415,9320933.859664522,128513,True
d805f864-70e7-4f19-bfd1-6e42786d1ad7,DKI_PM25_69,DKI94,Taman Maju Bersama (TMB) Tanjung Duren,Sensor,-6.166959,106.786776,GROGOL PETAMBURAN,KOTA ADM. JAKARTA BARAT,1,4,697712.0138973467,9318008.10698194,115463,True
46cebc3e-fcc7-49fe-955f-ec2448c33c71,DKI_PM25_71,DKI90,Rusunawa KS Tubun ,Sensor,-6.1865608,106.8096856,PAL MERAH,KOTA ADM. JAKARTA BARAT,1,4,700240.4825946703,9315831.651256826,105698,True
0d12b23f-2986-4974-9d88-53e1ec616962,DKI_PM25_72,DKI79,SDN 18 Cipinang Muara,Sensor,-6.236803,106.889094,JATINEGARA,KOTA ADM. JAKARTA TIMUR,1,5,709010.2025895708,9310244.17133815,80866,True
759fafcc-8b5e-4b10-a0ba-ce49ba2e6bfd,DKI_PM25_74,DKI35,RPTRA Penjaringan Indah,Sensor,-6.134137,106.795785,PENJARINGAN,KOTA ADM. JAKARTA UTARA,1,4,698721.4003436263,9321634.74575425,131493,True
fe9918dc-4492-4a43-b28e-b57a53b79bc2,DKI_PM25_75,DKI24,RPTRA Jaya Molek,Sensor,-6.159806,106.830183,SAWAH BESAR,KOTA ADM. JAKARTA PUSAT,1,4,702519.4281382428,9318782.919605033,118626,True
0ce85903-2c94-491f-9d3d-a22b25e92386,DKI_PM25_76,DKI49,RPTRA Anggrek Bintaro,Sensor,-6.264257,106.770436,PESANGGRAHAN,KOTA ADM. JAKARTA SELATAN,1,4,695867.3641965779,9307253.471747907,67384,True
cbd6c191-2c82-4eec-b29f-0a90f6082fc6,DKI_PM25_77,DKI84,Kantor SUDIN LH Jakarta Barat (ROOFTOP),Sensor,-6.15256590728919,106.772468995311,GROGOL PETAMBURAN,KOTA ADM. JAKARTA BARAT,1,4,696133.6885125707,9319605.194958372,122567,True
19309ede-b9bd-4bd9-902f-b8535f2d82d9,DKI_PM25_78,DKI36,RPTRA Pulobesar,Sensor,-6.15562,106.880943,TANJUNG PRIOK,KOTA ADM. JAKARTA UTARA,1,5,708139.880023832,9319226.364570646,120907,True
81676dc9-cf43-42ae-808c-c127f438d841,DKI_PM25_79,DKI28,SDN 07 Paseban (ROOFTOP),Sensor,-6.1934228,106.8553405,SENEN,KOTA ADM. JAKARTA PUSAT,1,4,705291.230951244,9315055.290540975,102188,True
31c9bb04-39b0-4b7b-a5ef-b6609f4741f9,DKI_PM25_80,DKI83,Kamal Park,Sensor,-6.102668,106.700401,KALIDERES,KOTA ADM. JAKARTA BARAT,1,7,688174.0924730236,9325149.353375386,146962,True
928156b8-b6d2-4097-b57f-2c0ea6102e67,DKI_PM25_81,DKI38,RPTRA Rorotan Indah 2,Sensor,-6.156868,106.955973,CILINCING,KOTA ADM. JAKARTA UTARA,1,5,716445.096656433,9319058.495776922,120100,True
839ecba9-6e30-4266-b272-a1dcd1ea2d2f,DKI_PM25_82,DKI43,SDN 07 Peganggsaan Dua,Sensor,-6.175007,106.911456,KELAPA GADING,KOTA ADM. JAKARTA UTARA,1,5,711509.9001341695,9317070.105804361,111151,True
93ba95c3-d8e4-48ff-bae0-21510ae9aa90,DKI_PM25_83,DKI34,RPTRA Gading Tarian,Sensor,-6.171162,106.907712,KELAPA GADING,KOTA ADM. JAKARTA UTARA,1,5,711096.9846857231,9317496.861316992,112926,True
c27e2ffc-23b0-4a81-a84b-d4c9525f116a,DKI_PM25_84,DKI22,RPTRA Cideng Kenangan,Sensor,-6.16709091941493,106.807504595481,GAMBIR,KOTA ADM. JAKARTA PUSAT,1,4,700006.3887148881,9317985.783382658,115041,True
69dec38f-8fb8-467d-9701-4fe488e378dc,DKI_PM25_85,DKI55,SDN 03 Kebayoran Lama Utara,Sensor,-6.250298,106.776891,KEBAYORAN  LAMA,KOTA ADM. JAKARTA SELATAN,1,4,696586.9402064375,9308794.860598357,74066,True
ec0361ad-1f30-4934-8fd5-1ddfb52605c7,DKI_PM25_86,DKI61,Kantor Kecamatan Jatinegara (ROOFTOP),Sensor,-6.227984,106.874547,JATINEGARA,KOTA ADM. JAKARTA TIMUR,1,4,707403.6148132945,9311225.311238518,85300,True
c668593f-4fc4-469b-8efb-669f7a5c0c26,DKI_PM25_87,DKI70,SDN 01 Pondok Kelapa Pagi,Sensor,-6.239175,106.932967,DUREN SAWIT,KOTA ADM. JAKARTA TIMUR,1,5,713865.1591134788,9309964.21423506,79579,True
bd4ad116-78d8-457a-88fd-d9aef7f00a6d,DKI_PM25_88,DKI74,SDN 04 Cipinang Melayu,Sensor,-6.251542,106.917473,MAKASAR,KOTA ADM. JAKARTA TIMUR,1,5,712145.2758061604,9308602.638712816,73777,True
80071522-f32d-4eeb-99d0-126f83979d56,DKI_PULOMAS,DKI11,Jakarta Equestrian Pulomas,Sensor,-6.17846467732303,106.88717854232956,PULOGADUNG,KOTA ADM. JAKARTA TIMUR,1,5,708821.1891475723,9316697.266120905,109344,True
998c53c2-b5b4-48e8-8221-7568cee4f36b,DKI_RAGUNAN,DKI08,PPOP Ragunan,Sensor,-6.304420728716271,106.8289196394899,PASAR MINGGU,KOTA ADM. JAKARTA SELATAN,1,4,702324.1417212229,9302789.225203257,47424,True
c801532d-ae07-4dd4-8332-9de9f332d52a,DKI_TANJONGTIMOR,DKI14,Pulau Panggang,Sensor,-5.741774124848568,106.60386650063936,KEPULAUAN SERIBU UTARA,KAB. ADM. KEP. SERIBU,1,-1,677603.6159028026,9365091.40762026,-1,False
6bafe2cf-c558-4b54-907b-34c9430edaf0,DKJ32,DKI16,Ancol,Sensor,-6.12244299,106.8376502,PADEMANGAN,KOTA ADM. JAKARTA UTARA,1,7,703360.1748083489,9322912.38019451,137324,True
2879eea5-cadb-4392-ac09-62ca585b75d6,DKJ33,DKI18,Lebak Bulus,Sensor,-6.301071,106.789206,CILANDAK,KOTA ADM. JAKARTA SELATAN,1,4,697930.673813932,9303174.93566952,49160,True
84b864cd-fb40-4f95-a347-2e854857177a,DKJ34,DKI19,Pondok Rangon,Sensor,-6.341538,106.91799,CIPAYUNG,KOTA ADM. JAKARTA TIMUR,1,5,712165.9380670581,9298648.487302486,29277,True
022441fc-0402-4b51-af62-ba5c8e4fa37f,DKJ35,DKI20,Rusunawa Pesakih,Sensor,-6.161974,106.716769,CENGKARENG,KOTA ADM. JAKARTA BARAT,1,4,689964.9808510509,9318584.86523116,117610,True
8dea5257-ec1b-4d25-8d3f-b5024e330b40,DKJ36,DKI95,Tebet Eco Park,Reference,-6.239564,106.852862,TEBET,KOTA ADM. JAKARTA SELATAN,1,4,704999.0169946412,9309953.03595356,79490,True
802a2208-80d3-464e-8e0c-dd2770fa35ab,DKJ37,DKI96,Taman Sungai Kendal,Reference,-6.138291,106.968288,CILINCING,KOTA ADM. JAKARTA UTARA,1,5,717815.9444460303,9321108.232238818,129459,True
42b53155-7cfe-4543-aec2-5832c886d36f,LCS-01,LCS01,Patung Pemuda Membangun,Sensor,-6.229448,106.79978,KEBAYORAN  BARU,KOTA ADM. JAKARTA SELATAN,1,4,699127.9618246034,9311092.192776227,84327,True
7d5d927f-e760-476c-bb20-a45d6480b98c,LCS-02,LCS06,Jl. DI Panjaitan,Sensor,-6.174472,106.876083,JATINEGARA,KOTA ADM. JAKARTA TIMUR,1,5,707594.562027395,9317143.20362181,111556,True
f0017a6c-d3e9-435c-bdaa-435305325d3f,LCS-03,LCS03,Hutan Kota Srengseng,Sensor,-6.21177,106.76376,KEMBANGAN,KOTA ADM. JAKARTA BARAT,0,4,695147.9759698171,9313060.740542788,93187,True
a67fb637-93c1-4e90-bd72-d920b37ba41e,LCS-04,LCS07,Jl. Fatmawati,Sensor,-6.27533,106.7977,CILANDAK,KOTA ADM. JAKARTA SELATAN,1,4,698880.4105227708,9306018.578906443,62074,True
ce16cdce-c176-4c48-b244-89fdcf30c2d7,LCS-05,LCS08,Kota Tua,Sensor,-6.13488,106.81286,TAMAN SARI,KOTA ADM. JAKARTA BARAT,1,4,700611.2578801048,9321546.20949274,131067,True
caaa1a3e-5d7d-405b-af84-1a6ca0f29ac7,LCS-06,LCS14,Taman Telur,Sensor,-6.2504,106.81523,MAMPANG PRAPATAN,KOTA ADM. JAKARTA SELATAN,1,4,700829.9301537045,9308769.094049256,74109,True
cccfe0b4-ab44-4b51-95b8-b73a767c2bcf,LCS-07,LCS02,Pasar Minggu,Sensor,-6.27961,106.84521,PASAR MINGGU,KOTA ADM. JAKARTA SELATAN,0,4,704136.5602844045,9305526.935685582,59902,True
25e97534-6bbe-40ac-a340-8dd4fcf9ed5f,LCS-08,LCS04,Terminal Kalideres,Sensor,-6.15396,106.70605,KALIDERES,KOTA ADM. JAKARTA BARAT,1,4,688781.3812141919,9319474.946885653,121603,True
04c6a78b-bb4e-44e2-9456-5b5f29ed966c,LCS-09,LCS11,PT. JIEP,Sensor,-6.20697,106.91962,CAKUNG,KOTA ADM. JAKARTA TIMUR,0,5,712400.831545429,9313531.61930859,95585,True
730cae5b-25db-42e0-9150-e3f0abc23e3c,LCS-10,LCS13,SPKU Kelapa Gading,Sensor,-6.15421,106.91045,KELAPA GADING,KOTA ADM. JAKARTA UTARA,1,5,711406.7811059731,9319370.722530408,121385,True
8bc0eb43-1ca6-4d63-961e-826ac20ae2d7,LCS-12,LCS12,Stadion JIS,Sensor,-6.12521,106.8587,TANJUNG PRIOK,KOTA ADM. JAKARTA UTARA,1,4,705689.3523666156,9322598.329545366,135567,True
e6aec2ab-03e4-4421-8a45-b8c9da4c0c55,LCS-13,LCS16,Dinas Pendidikan,Sensor,-6.235834,106.825962,SETIABUDI,KOTA ADM. JAKARTA SELATAN,0,4,702023.2556617182,9310375.959544262,81241,True
27fd1b91-2ed5-4c51-894a-b6b058f5588b,LCS-14,LCS10,Pulau Pramuka,Sensor,-5.74466,106.61298,KEPULAUAN SERIBU UTARA,KAB. ADM. KEP. SERIBU,0,-1,678612.1592381451,9364769.439097794,-1,False
020c6b26-01b4-446a-af52-c3ba7c54d262,LCS-15,LCS17,Melawai Polim,Sensor,-6.245969,106.79821,KEBAYORAN  BARU,KOTA ADM. JAKARTA SELATAN,1,4,698947.9678144527,9309265.617122352,76315,True
04448299-ce6b-4566-92b0-9ceba521dab8,LCS-16,LCS18,St. MRT Setiabudi Astra,Sensor,-6.20955,106.82196,SETIABUDI,KOTA ADM. JAKARTA SELATAN,1,4,701590.3532459931,9313284.450913357,94141,True
39d9a5e7-4b58-487c-bef0-457c7e941a37,LCS-17,LCS19,MRT ASEAN,Sensor,-6.240425,106.7960057,KEBAYORAN  BARU,KOTA ADM. JAKARTA SELATAN,1,4,698706.1036517939,9309879.597308526,78983,True
e64d2d62-06ca-402c-82a5-672a91f742a0,LCS-18,LCS20,St. LRT Setiabudi,Sensor,-6.208351,106.829795,SETIABUDI,KOTA ADM. JAKARTA SELATAN,1,4,702458.0024789365,9313414.068283875,95040,True
62e07a00-3b10-4705-91df-b1b9e4d55951,LCS-19,LCS21,Halte TJ Bendungan Hilir,Sensor,-6.217269,106.815398,SETIABUDI,KOTA ADM. JAKARTA SELATAN,1,4,700861.1342474946,9312433.24232784,90574,True
bb6ae34a-e3e8-433e-a890-02157c53d605,LCS-20,LCS22,Jl. Kebon Sirih,Sensor,-6.183169,106.824711,GAMBIR,KOTA ADM. JAKARTA PUSAT,1,4,701904.8710723324,9316201.091528451,107495,True
78043c9b-69f1-4c23-9b21-40a19ce106a8,LCS-21,LCS23,BPJS Sultan Hasanuddin,Sensor,-6.243306,106.802621,CENGKARENG,KOTA ADM. JAKARTA BARAT,0,4,699437.1525398442,9309558.467358252,77655,True
ad9c2afd-b456-480a-8deb-42d1b7d79220,LCS-23,LCS24,CWB Lab Klinik,Sensor,-6.187012,106.820039,MAMPANG PRAPATAN,KOTA ADM. JAKARTA SELATAN,1,4,701386.2863372004,9315777.836376134,105264,True
d827a404-60e1-4997-a0c6-7e5b2e8cffe8,LCS-24,LCS25,Stasiun Palmerah,Sensor,-6.207568,106.797161,MAMPANG PRAPATAN,KOTA ADM. JAKARTA SELATAN,1,4,698846.3262032706,9313513.032947063,95449,True
cf30c73e-7b48-4bff-a7d9-70b738a4d607,LCS-26,LCS05,SDN 5 Marunda,Sensor,-6.096033,106.960159,CILINCING,KOTA ADM. JAKARTA UTARA,1,8,716933.0681527309,9325785.534643011,149920,True
bf554216-ad15-460f-a9e5-2c64db9c6a9e,pm25_kemayoran,DKI106,Kemayoran BMKG,Reference,-6.155868028046293,106.84194772134708,KEMAYORAN,KOTA ADM. JAKARTA PUSAT,1,4,703823.1990674324,9319213.97601332,120864,True
