pollutant,date_local,n,mae,rmse,r2,bias,mean_obs,nrmse,rmse_ratio,high_error,limited_data
no2,2026-10-02,219,42.271169912330826,51.8445968337047,0.22891280042140194,26.210377119014854,55.80981735159817,0.9289512005941026,1.2037712343858116,False,False
no2,2026-10-03,312,33.587780085417215,39.78011949476089,0.1924068295442014,19.35128028609486,51.68634615384615,0.7696446441842498,0.923648103616694,False,False
no2,2026-10-04,308,34.737021635808944,42.932893381746766,0.08960022184290983,17.594015223884103,51.63779220779221,0.8314238767022293,0.9968518460597066,False,False
no2,2026-10-05,269,30.25726966939204,42.11544025369435,-0.08585291490075675,7.1172983039591795,46.70693308550186,0.9016956899438825,0.9778715352634912,False,False
no2,2026-10-06,77,23.31998072995268,30.33079068624189,-0.17937510392490696,3.74696497090824,45.26305194805196,0.6701004324907718,0.704245679861063,False,False
pm25,2026-10-02,1789,19.230000808827423,25.30657014201695,-0.049165102130618976,-0.5974586080291185,33.66825954909633,0.7516447384253396,1.0032748119444412,False,False
pm25,2026-10-03,2543,17.96083631022058,23.161815573157018,-0.09149666146599467,-0.5933188279914098,31.91533582383012,0.7257268324233913,0.9182463697389407,False,False
pm25,2026-10-04,2510,20.591754817068406,27.21842063793578,0.021239420241260687,-0.875320554721723,35.30802217795485,0.77088488561475,1.0790698104762324,False,False
pm25,2026-10-05,2333,18.104795208464424,23.936165134896317,-0.1606972484836684,-0.7806192521138825,29.532475782254608,0.8105031664591769,0.9489453307823964,False,False
pm25,2026-10-06,728,22.323031491525434,28.57962932512616,-0.13900464730218776,-1.4520445909885367,37.49263782051282,0.7622731017738579,1.1330347050468574,False,False
