pollutant,kota,n,mae,rmse,r2,bias,mean_obs,nrmse,rmse_ratio,high_error,limited_data
no2,KOTA ADM. JAKARTA BARAT,192,48.593488819935544,57.99790191790629,-11.473187086930988,46.34107764217583,22.63994791666667,2.5617506776687606,1.3466438210995415,False,False
no2,KOTA ADM. JAKARTA PUSAT,96,49.10734473816774,60.76616658050999,-3.312814059202685,-13.865050527977523,114.90390624999999,0.5288433488788375,1.4109197066020915,False,False
no2,KOTA ADM. JAKARTA SELATAN,417,31.03727089897729,38.37346760463855,0.5149714813874784,-0.2268711662108247,71.0478417266187,0.5401074356669949,0.8909872829036881,False,False
no2,KOTA ADM. JAKARTA TIMUR,192,17.29327735602889,19.973287637742725,-1.1296714579349834,16.69153167064163,30.04997395833333,0.6646690498114,0.4637565066143529,False,False
no2,KOTA ADM. JAKARTA UTARA,288,34.94275747579788,41.96097572682699,-1.756909966265972,30.288497960909417,33.083888888888886,1.2683205371578745,0.9742850486181738,False,False
pm25,KOTA ADM. JAKARTA BARAT,1588,19.636012368956088,24.821012951047965,0.12207332026380002,0.7200944748471906,37.14232052896726,0.6682676956516511,0.984024976952031,False,False
pm25,KOTA ADM. JAKARTA PUSAT,1073,28.057796200424498,32.207774808866525,-0.6223714925087385,-1.3905037512629146,39.34852749301025,0.8185255424002286,1.2768719361484788,False,False
pm25,KOTA ADM. JAKARTA SELATAN,2063,15.188727333927751,20.08718775717342,0.2040444174040218,-2.3835801950771454,35.76282113427049,0.5616779415068137,0.7963532555567658,False,False
pm25,KOTA ADM. JAKARTA TIMUR,2653,18.083001691766643,23.311396099648675,-0.08439985837772057,0.8251201860600873,27.54070649579093,0.8464342083312706,0.9241764651151333,False,False
pm25,KOTA ADM. JAKARTA UTARA,2526,19.657674575928468,27.679136127969038,-0.19194082457609118,-1.8116422847365825,30.943423594615997,0.8945078763936474,1.09733480031994,False,False
